[{"physical_abuse": false, "sexual_abuse": false, "psychological_emotional_abuse": false, "financial_abuse": true, "digital_technological_abuse": false, "spiritual_cultural_abuse": false, "neglect_withholding_care": true, "controlling_behavior": false, "social_isolation": true, "age": 32, "marital_status": "single", "ethnicity": "Black", "children": false, "source": "toxicrelationships"}, {"physical_abuse": false, "sexual_abuse": false, "psychological_emotional_abuse": false, "financial_abuse": true, "digital_technological_abuse": false, "spiritual_cultural_abuse": true, "neglect_withholding_care": false, "controlling_behavior": false, "social_isolation": true, "age": 37, "marital_status": "married", "ethnicity": "Black", "children": true, "source": "offmychest"}, {"physical_abuse": false, "sexual_abuse": false, "psychological_emotional_abuse": false, "financial_abuse": false, "digital_technological_abuse": false, "spiritual_cultural_abuse": false, "neglect_withholding_care": true, "controlling_behavior": true, "social_isolation": false, "age": 31, "marital_status": "single", "ethnicity": "Hispanic/Latino", "children": false, "source": "relationship_advice"}, {"physical_abuse": false, "sexual_abuse": false, "psychological_emotional_abuse": false, "financial_abuse": true, "digital_technological_abuse": false, "spiritual_cultural_abuse": false, "neglect_withholding_care": false, "controlling_behavior": false, "social_isolation": false, "age": 25, "marital_status": "single", "ethnicity": "Black", "children": true, "source": "relationship_advice"}, {"physical_abuse": false, "sexual_abuse": false, "psychological_emotional_abuse": true, "financial_abuse": false, "digital_technological_abuse": false, "spiritual_cultural_abuse": false, "neglect_withholding_care": false, "controlling_behavior": false, "social_isolation": false, "age": 24, "marital_status": "single", "ethnicity": "Asian", "children": false, "source": "domestic_violence"}, {"physical_abuse": false, "sexual_abuse": true, "psychological_emotional_abuse": false, "financial_abuse": false, "digital_technological_abuse": false, "spiritual_cultural_abuse": false, "neglect_withholding_care": false, "controlling_behavior": false, "social_isolation": false, "age": 28, "marital_status": "single", "ethnicity": "Asian", "children": false, "source": "offmychest"}, {"physical_abuse": true, "sexual_abuse": true, "psychological_emotional_abuse": false, "financial_abuse": true, "digital_technological_abuse": true, "spiritual_cultural_abuse": false, "neglect_withholding_care": false, "controlling_behavior": true, "social_isolation": false, "age": 29, "marital_status": "married", "ethnicity": "Asian", "children": true, "source": "domestic_violence"}, {"physical_abuse": false, "sexual_abuse": false, "psychological_emotional_abuse": false, "financial_abuse": false, "digital_technological_abuse": true, "spiritual_cultural_abuse": false, "neglect_withholding_care": false, "controlling_behavior": true, "social_isolation": false, "age": 38, "marital_status": "single", "ethnicity": "Black", "children": false, "source": "relationship_advice"}, {"physical_abuse": false, "sexual_abuse": false, "psychological_emotional_abuse": false, "financial_abuse": false, "digital_technological_abuse": false, "spiritual_cultural_abuse": true, "neglect_withholding_care": false, "controlling_behavior": false, "social_isolation": false, "age": 42, "marital_status": "married", "ethnicity": "Black", "children": true, "source": "toxicrelationships"}, {"physical_abuse": false, "sexual_abuse": false, "psychological_emotional_abuse": true, "financial_abuse": false, "digital_technological_abuse": false, "spiritual_cultural_abuse": false, "neglect_withholding_care": false, "controlling_behavior": true, "social_isolation": false, "age": 29, "marital_status": "married", "ethnicity": "White", "children": true, "source": "domestic_violence"}, {"physical_abuse": true, "sexual_abuse": false, "psychological_emotional_abuse": true, "financial_abuse": false, "digital_technological_abuse": true, "spiritual_cultural_abuse": false, "neglect_withholding_care": false, "controlling_behavior": false, "social_isolation": false, "age": 39, "marital_status": "cohabiting", "ethnicity": "White", "children": false, "source": "abusiverelationships"}, {"physical_abuse": false, "sexual_abuse": false, "psychological_emotional_abuse": false, "financial_abuse": false, "digital_technological_abuse": false, "spiritual_cultural_abuse": false, "neglect_withholding_care": false, "controlling_behavior": true, "social_isolation": false, "age": 37, "marital_status": "single", "ethnicity": "Asian", "children": false, "source": "abusiverelationships"}, {"physical_abuse": false, "sexual_abuse": false, "psychological_emotional_abuse": false, "financial_abuse": false, "digital_technological_abuse": false, "spiritual_cultural_abuse": false, "neglect_withholding_care": false, "controlling_behavior": false, "social_isolation": true, "age": 36, "marital_status": "married", "ethnicity": "White", "children": true, "source": "toxicrelationships"}, {"physical_abuse": false, "sexual_abuse": false, "psychological_emotional_abuse": false, "financial_abuse": true, "digital_technological_abuse": false, "spiritual_cultural_abuse": false, "neglect_withholding_care": false, "controlling_behavior": false, "social_isolation": false, "age": 45, "marital_status": "widowed", "ethnicity": "White", "children": true, "source": "domestic_violence"}, {"physical_abuse": false, "sexual_abuse": false, "psychological_emotional_abuse": false, "financial_abuse": false, "digital_technological_abuse": false, "spiritual_cultural_abuse": false, "neglect_withholding_care": false, "controlling_behavior": false, "social_isolation": true, "age": 23, "marital_status": "cohabiting", "ethnicity": "Asian", "children": false, "source": "abusiverelationships"}, {"physical_abuse": false, "sexual_abuse": false, "psychological_emotional_abuse": true, "financial_abuse": false, "digital_technological_abuse": false, "spiritual_cultural_abuse": false, "neglect_withholding_care": false, "controlling_behavior": true, "social_isolation": true, "age": 37, "marital_status": "married", "ethnicity": "Black", "children": true, "source": "offmychest"}, {"physical_abuse": false, "sexual_abuse": false, "psychological_emotional_abuse": false, "financial_abuse": false, "digital_technological_abuse": false, "spiritual_cultural_abuse": false, "neglect_withholding_care": true, "controlling_behavior": false, "social_isolation": false, "age": 35, "marital_status": "married", "ethnicity": "Asian", "children": true, "source": "abusiverelationships"}, {"physical_abuse": false, "sexual_abuse": false, "psychological_emotional_abuse": true, "financial_abuse": false, "digital_technological_abuse": true, "spiritual_cultural_abuse": false, "neglect_withholding_care": false, "controlling_behavior": false, "social_isolation": true, "age": 43, "marital_status": "married", "ethnicity": "Hispanic/Latino", "children": false, "source": "domestic_violence"}, {"physical_abuse": false, "sexual_abuse": false, "psychological_emotional_abuse": true, "financial_abuse": true, "digital_technological_abuse": false, "spiritual_cultural_abuse": false, "neglect_withholding_care": false, "controlling_behavior": false, "social_isolation": false, "age": 30, "marital_status": "single", "ethnicity": "White", "children": false, "source": "toxicrelationships"}, {"physical_abuse": false, "sexual_abuse": false, "psychological_emotional_abuse": false, "financial_abuse": false, "digital_technological_abuse": false, "spiritual_cultural_abuse": false, "neglect_withholding_care": false, "controlling_behavior": true, "social_isolation": false, "age": 37, "marital_status": "married", "ethnicity": "Asian", "children": false, "source": "domestic_violence"}, {"physical_abuse": false, "sexual_abuse": false, "psychological_emotional_abuse": false, "financial_abuse": true, "digital_technological_abuse": false, "spiritual_cultural_abuse": false, "neglect_withholding_care": false, "controlling_behavior": false, "social_isolation": false, "age": 23, "marital_status": "single", "ethnicity": "Asian", "children": false, "source": "offmychest"}, {"physical_abuse": false, "sexual_abuse": false, "psychological_emotional_abuse": false, "financial_abuse": false, "digital_technological_abuse": false, "spiritual_cultural_abuse": false, "neglect_withholding_care": false, "controlling_behavior": false, "social_isolation": false, "age": 33, "marital_status": "married", "ethnicity": "Asian", "children": true, "source": "relationship_advice"}, {"physical_abuse": true, "sexual_abuse": false, "psychological_emotional_abuse": false, "financial_abuse": false, "digital_technological_abuse": false, "spiritual_cultural_abuse": false, "neglect_withholding_care": false, "controlling_behavior": false, "social_isolation": false, "age": 40, "marital_status": "single", "ethnicity": "Black", "children": false, "source": "relationship_advice"}, {"physical_abuse": false, "sexual_abuse": false, "psychological_emotional_abuse": true, "financial_abuse": false, "digital_technological_abuse": false, "spiritual_cultural_abuse": false, "neglect_withholding_care": false, "controlling_behavior": false, "social_isolation": false, "age": 28, "marital_status": "single", "ethnicity": "Asian", "children": true, "source": "toxicrelationships"}, {"physical_abuse": true, "sexual_abuse": false, "psychological_emotional_abuse": false, "financial_abuse": true, "digital_technological_abuse": false, "spiritual_cultural_abuse": false, "neglect_withholding_care": false, "controlling_behavior": false, "social_isolation": false, "age": 59, "marital_status": "married", "ethnicity": "Black", "children": true, "source": "domestic_violence"}, {"physical_abuse": false, "sexual_abuse": true, "psychological_emotional_abuse": true, "financial_abuse": false, "digital_technological_abuse": false, "spiritual_cultural_abuse": true, "neglect_withholding_care": false, "controlling_behavior": false, "social_isolation": false, "age": 52, "marital_status": "single", "ethnicity": "Asian", "children": true, "source": "relationship_advice"}, {"physical_abuse": false, "sexual_abuse": false, "psychological_emotional_abuse": false, "financial_abuse": false, "digital_technological_abuse": true, "spiritual_cultural_abuse": false, "neglect_withholding_care": false, "controlling_behavior": false, "social_isolation": false, "age": 45, "marital_status": "cohabiting", "ethnicity": "Asian", "children": true, "source": "offmychest"}, {"physical_abuse": false, "sexual_abuse": false, "psychological_emotional_abuse": false, "financial_abuse": true, "digital_technological_abuse": false, "spiritual_cultural_abuse": true, "neglect_withholding_care": false, "controlling_behavior": true, "social_isolation": false, "age": 29, "marital_status": "cohabiting", "ethnicity": "Asian", "children": true, "source": "domestic_violence"}, {"physical_abuse": false, "sexual_abuse": false, "psychological_emotional_abuse": false, "financial_abuse": false, "digital_technological_abuse": false, "spiritual_cultural_abuse": false, "neglect_withholding_care": false, "controlling_behavior": true, "social_isolation": false, "age": 33, "marital_status": "married", "ethnicity": "White", "children": false, "source": "toxicrelationships"}, {"physical_abuse": false, "sexual_abuse": true, "psychological_emotional_abuse": false, "financial_abuse": false, "digital_technological_abuse": false, "spiritual_cultural_abuse": true, "neglect_withholding_care": false, "controlling_behavior": false, "social_isolation": false, "age": 48, "marital_status": "married", "ethnicity": "White", "children": true, "source": "relationship_advice"}, {"physical_abuse": false, "sexual_abuse": false, "psychological_emotional_abuse": false, "financial_abuse": false, "digital_technological_abuse": false, "spiritual_cultural_abuse": false, "neglect_withholding_care": false, "controlling_behavior": false, "social_isolation": false, "age": 33, "marital_status": "single", "ethnicity": "Black", "children": false, "source": "offmychest"}, {"physical_abuse": false, "sexual_abuse": false, "psychological_emotional_abuse": false, "financial_abuse": true, "digital_technological_abuse": false, "spiritual_cultural_abuse": false, "neglect_withholding_care": false, "controlling_behavior": false, "social_isolation": false, "age": 32, "marital_status": "divorced", "ethnicity": "Asian", "children": true, "source": "offmychest"}, {"physical_abuse": false, "sexual_abuse": false, "psychological_emotional_abuse": false, "financial_abuse": true, "digital_technological_abuse": false, "spiritual_cultural_abuse": false, "neglect_withholding_care": true, "controlling_behavior": false, "social_isolation": false, "age": 32, "marital_status": "married", "ethnicity": "Asian", "children": false, "source": "abusiverelationships"}, {"physical_abuse": false, "sexual_abuse": false, "psychological_emotional_abuse": false, "financial_abuse": false, "digital_technological_abuse": true, "spiritual_cultural_abuse": false, "neglect_withholding_care": false, "controlling_behavior": false, "social_isolation": false, "age": 32, "marital_status": "single", "ethnicity": "Hispanic/Latino", "children": false, "source": "domestic_violence"}, {"physical_abuse": false, "sexual_abuse": false, "psychological_emotional_abuse": false, "financial_abuse": false, "digital_technological_abuse": false, "spiritual_cultural_abuse": false, "neglect_withholding_care": true, "controlling_behavior": false, "social_isolation": false, "age": 32, "marital_status": "cohabiting", "ethnicity": "Black", "children": false, "source": "toxicrelationships"}, {"physical_abuse": false, "sexual_abuse": false, "psychological_emotional_abuse": false, "financial_abuse": false, "digital_technological_abuse": true, "spiritual_cultural_abuse": false, "neglect_withholding_care": false, "controlling_behavior": false, "social_isolation": false, "age": 37, "marital_status": "divorced", "ethnicity": "White", "children": true, "source": "abusiverelationships"}, {"physical_abuse": true, "sexual_abuse": false, "psychological_emotional_abuse": true, "financial_abuse": false, "digital_technological_abuse": false, "spiritual_cultural_abuse": false, "neglect_withholding_care": true, "controlling_behavior": true, "social_isolation": false, "age": 32, "marital_status": "married", "ethnicity": "Hispanic/Latino", "children": false, "source": "relationship_advice"}, {"physical_abuse": false, "sexual_abuse": false, "psychological_emotional_abuse": false, "financial_abuse": false, "digital_technological_abuse": false, "spiritual_cultural_abuse": false, "neglect_withholding_care": false, "controlling_behavior": true, "social_isolation": false, "age": 34, "marital_status": "cohabiting", "ethnicity": "Other", "children": false, "source": "domestic_violence"}, {"physical_abuse": false, "sexual_abuse": false, "psychological_emotional_abuse": true, "financial_abuse": false, "digital_technological_abuse": true, "spiritual_cultural_abuse": false, "neglect_withholding_care": false, "controlling_behavior": true, "social_isolation": false, "age": 39, "marital_status": "married", "ethnicity": "Asian", "children": true, "source": "abusiverelationships"}, {"physical_abuse": false, "sexual_abuse": false, "psychological_emotional_abuse": false, "financial_abuse": true, "digital_technological_abuse": false, "spiritual_cultural_abuse": false, "neglect_withholding_care": false, "controlling_behavior": false, "social_isolation": false, "age": 31, "marital_status": "single", "ethnicity": "White", "children": false, "source": "domestic_violence"}, {"physical_abuse": true, "sexual_abuse": false, "psychological_emotional_abuse": false, "financial_abuse": false, "digital_technological_abuse": false, "spiritual_cultural_abuse": false, "neglect_withholding_care": false, "controlling_behavior": false, "social_isolation": false, "age": 39, "marital_status": "married", "ethnicity": "Black", "children": true, "source": "toxicrelationships"}, {"physical_abuse": false, "sexual_abuse": true, "psychological_emotional_abuse": false, "financial_abuse": false, "digital_technological_abuse": true, "spiritual_cultural_abuse": false, "neglect_withholding_care": false, "controlling_behavior": false, "social_isolation": false, "age": 37, "marital_status": "single", "ethnicity": "Asian", "children": true, "source": "offmychest"}, {"physical_abuse": false, "sexual_abuse": false, "psychological_emotional_abuse": true, "financial_abuse": false, "digital_technological_abuse": false, "spiritual_cultural_abuse": false, "neglect_withholding_care": false, "controlling_behavior": true, "social_isolation": true, "age": 25, "marital_status": "married", "ethnicity": "White", "children": true, "source": "relationship_advice"}, {"physical_abuse": false, "sexual_abuse": false, "psychological_emotional_abuse": false, "financial_abuse": false, "digital_technological_abuse": false, "spiritual_cultural_abuse": false, "neglect_withholding_care": false, "controlling_behavior": false, "social_isolation": true, "age": 33, "marital_status": "cohabiting", "ethnicity": "Asian", "children": true, "source": "domestic_violence"}, {"physical_abuse": false, "sexual_abuse": false, "psychological_emotional_abuse": false, "financial_abuse": true, "digital_technological_abuse": true, "spiritual_cultural_abuse": false, "neglect_withholding_care": false, "controlling_behavior": true, "social_isolation": false, "age": 32, "marital_status": "single", "ethnicity": "Hispanic/Latino", "children": false, "source": "domestic_violence"}, {"physical_abuse": false, "sexual_abuse": false, "psychological_emotional_abuse": true, "financial_abuse": false, "digital_technological_abuse": false, "spiritual_cultural_abuse": false, "neglect_withholding_care": false, "controlling_behavior": false, "social_isolation": false, "age": 18, "marital_status": "cohabiting", "ethnicity": "White", "children": false, "source": "domestic_violence"}, {"physical_abuse": false, "sexual_abuse": false, "psychological_emotional_abuse": false, "financial_abuse": false, "digital_technological_abuse": false, "spiritual_cultural_abuse": true, "neglect_withholding_care": true, "controlling_behavior": false, "social_isolation": false, "age": 32, "marital_status": "cohabiting", "ethnicity": "Hispanic/Latino", "children": true, "source": "domestic_violence"}, {"physical_abuse": false, "sexual_abuse": false, "psychological_emotional_abuse": false, "financial_abuse": false, "digital_technological_abuse": false, "spiritual_cultural_abuse": false, "neglect_withholding_care": false, "controlling_behavior": true, "social_isolation": false, "age": 49, "marital_status": "married", "ethnicity": "Asian", "children": false, "source": "toxicrelationships"}, {"physical_abuse": false, "sexual_abuse": true, "psychological_emotional_abuse": false, "financial_abuse": false, "digital_technological_abuse": false, "spiritual_cultural_abuse": false, "neglect_withholding_care": false, "controlling_behavior": true, "social_isolation": false, "age": 47, "marital_status": "married", "ethnicity": "Hispanic/Latino", "children": true, "source": "toxicrelationships"}, {"physical_abuse": false, "sexual_abuse": false, "psychological_emotional_abuse": true, "financial_abuse": false, "digital_technological_abuse": false, "spiritual_cultural_abuse": true, "neglect_withholding_care": false, "controlling_behavior": false, "social_isolation": false, "age": 27, "marital_status": "single", "ethnicity": "Black", "children": false, "source": "toxicrelationships"}, {"physical_abuse": false, "sexual_abuse": false, "psychological_emotional_abuse": true, "financial_abuse": true, "digital_technological_abuse": false, "spiritual_cultural_abuse": false, "neglect_withholding_care": false, "controlling_behavior": true, "social_isolation": false, "age": 52, "marital_status": "divorced", "ethnicity": "White", "children": true, "source": "relationship_advice"}, {"physical_abuse": false, "sexual_abuse": false, "psychological_emotional_abuse": false, "financial_abuse": true, "digital_technological_abuse": false, "spiritual_cultural_abuse": false, "neglect_withholding_care": true, "controlling_behavior": false, "social_isolation": false, "age": 36, "marital_status": "married", "ethnicity": "White", "children": false, "source": "toxicrelationships"}, {"physical_abuse": false, "sexual_abuse": false, "psychological_emotional_abuse": true, "financial_abuse": false, "digital_technological_abuse": false, "spiritual_cultural_abuse": false, "neglect_withholding_care": false, "controlling_behavior": true, "social_isolation": false, "age": 28, "marital_status": "single", "ethnicity": "Indigenous", "children": true, "source": "toxicrelationships"}, {"physical_abuse": false, "sexual_abuse": false, "psychological_emotional_abuse": false, "financial_abuse": false, "digital_technological_abuse": false, "spiritual_cultural_abuse": false, "neglect_withholding_care": true, "controlling_behavior": true, "social_isolation": true, "age": 28, "marital_status": "cohabiting", "ethnicity": "White", "children": false, "source": "relationship_advice"}, {"physical_abuse": false, "sexual_abuse": false, "psychological_emotional_abuse": true, "financial_abuse": true, "digital_technological_abuse": true, "spiritual_cultural_abuse": false, "neglect_withholding_care": false, "controlling_behavior": false, "social_isolation": false, "age": 25, "marital_status": "cohabiting", "ethnicity": "Asian", "children": true, "source": "domestic_violence"}, {"physical_abuse": true, "sexual_abuse": false, "psychological_emotional_abuse": true, "financial_abuse": false, "digital_technological_abuse": false, "spiritual_cultural_abuse": false, "neglect_withholding_care": false, "controlling_behavior": false, "social_isolation": false, "age": 35, "marital_status": "married", "ethnicity": "White", "children": true, "source": "toxicrelationships"}, {"physical_abuse": false, "sexual_abuse": false, "psychological_emotional_abuse": false, "financial_abuse": false, "digital_technological_abuse": false, "spiritual_cultural_abuse": false, "neglect_withholding_care": false, "controlling_behavior": true, "social_isolation": false, "age": 49, "marital_status": "married", "ethnicity": "White", "children": true, "source": "offmychest"}, {"physical_abuse": false, "sexual_abuse": false, "psychological_emotional_abuse": false, "financial_abuse": true, "digital_technological_abuse": true, "spiritual_cultural_abuse": false, "neglect_withholding_care": false, "controlling_behavior": false, "social_isolation": false, "age": 35, "marital_status": "married", "ethnicity": "Asian", "children": true, "source": "relationship_advice"}, {"physical_abuse": false, "sexual_abuse": false, "psychological_emotional_abuse": false, "financial_abuse": false, "digital_technological_abuse": false, "spiritual_cultural_abuse": false, "neglect_withholding_care": false, "controlling_behavior": true, "social_isolation": true, "age": 46, "marital_status": "married", "ethnicity": "White", "children": true, "source": "toxicrelationships"}, {"physical_abuse": false, "sexual_abuse": false, "psychological_emotional_abuse": true, "financial_abuse": false, "digital_technological_abuse": true, "spiritual_cultural_abuse": true, "neglect_withholding_care": false, "controlling_behavior": true, "social_isolation": false, "age": 33, "marital_status": "single", "ethnicity": "White", "children": false, "source": "abusiverelationships"}, {"physical_abuse": false, "sexual_abuse": false, "psychological_emotional_abuse": false, "financial_abuse": true, "digital_technological_abuse": false, "spiritual_cultural_abuse": false, "neglect_withholding_care": false, "controlling_behavior": false, "social_isolation": false, "age": 37, "marital_status": "cohabiting", "ethnicity": "White", "children": false, "source": "offmychest"}, {"physical_abuse": false, "sexual_abuse": true, "psychological_emotional_abuse": true, "financial_abuse": false, "digital_technological_abuse": false, "spiritual_cultural_abuse": false, "neglect_withholding_care": true, "controlling_behavior": false, "social_isolation": true, "age": 42, "marital_status": "single", "ethnicity": "Asian", "children": true, "source": "domestic_violence"}, {"physical_abuse": false, "sexual_abuse": true, "psychological_emotional_abuse": true, "financial_abuse": true, "digital_technological_abuse": true, "spiritual_cultural_abuse": false, "neglect_withholding_care": false, "controlling_behavior": false, "social_isolation": false, "age": 42, "marital_status": "cohabiting", "ethnicity": "Asian", "children": false, "source": "toxicrelationships"}, {"physical_abuse": false, "sexual_abuse": false, "psychological_emotional_abuse": true, "financial_abuse": true, "digital_technological_abuse": false, "spiritual_cultural_abuse": true, "neglect_withholding_care": false, "controlling_behavior": true, "social_isolation": false, "age": 27, "marital_status": "married", "ethnicity": "Asian", "children": false, "source": "domestic_violence"}, {"physical_abuse": false, "sexual_abuse": false, "psychological_emotional_abuse": true, "financial_abuse": false, "digital_technological_abuse": false, "spiritual_cultural_abuse": false, "neglect_withholding_care": true, "controlling_behavior": true, "social_isolation": false, "age": 21, "marital_status": "single", "ethnicity": "White", "children": false, "source": "domestic_violence"}, {"physical_abuse": false, "sexual_abuse": false, "psychological_emotional_abuse": false, "financial_abuse": true, "digital_technological_abuse": false, "spiritual_cultural_abuse": false, "neglect_withholding_care": false, "controlling_behavior": true, "social_isolation": false, "age": 31, "marital_status": "married", "ethnicity": "Hispanic/Latino", "children": true, "source": "domestic_violence"}, {"physical_abuse": false, "sexual_abuse": true, "psychological_emotional_abuse": false, "financial_abuse": false, "digital_technological_abuse": false, "spiritual_cultural_abuse": false, "neglect_withholding_care": false, "controlling_behavior": false, "social_isolation": true, "age": 48, "marital_status": "married", "ethnicity": "Asian", "children": true, "source": "offmychest"}, {"physical_abuse": false, "sexual_abuse": false, "psychological_emotional_abuse": true, "financial_abuse": false, "digital_technological_abuse": true, "spiritual_cultural_abuse": false, "neglect_withholding_care": true, "controlling_behavior": false, "social_isolation": false, "age": 36, "marital_status": "married", "ethnicity": "Asian", "children": true, "source": "toxicrelationships"}, {"physical_abuse": false, "sexual_abuse": false, "psychological_emotional_abuse": true, "financial_abuse": false, "digital_technological_abuse": false, "spiritual_cultural_abuse": false, "neglect_withholding_care": false, "controlling_behavior": false, "social_isolation": true, "age": 37, "marital_status": "married", "ethnicity": "Asian", "children": false, "source": "abusiverelationships"}, {"physical_abuse": false, "sexual_abuse": true, "psychological_emotional_abuse": false, "financial_abuse": true, "digital_technological_abuse": false, "spiritual_cultural_abuse": false, "neglect_withholding_care": false, "controlling_behavior": false, "social_isolation": true, "age": 28, "marital_status": "married", "ethnicity": "Asian", "children": true, "source": "relationship_advice"}, {"physical_abuse": true, "sexual_abuse": false, "psychological_emotional_abuse": false, "financial_abuse": false, "digital_technological_abuse": false, "spiritual_cultural_abuse": false, "neglect_withholding_care": false, "controlling_behavior": false, "social_isolation": false, "age": 25, "marital_status": "single", "ethnicity": "Hispanic/Latino", "children": false, "source": "abusiverelationships"}, {"physical_abuse": false, "sexual_abuse": false, "psychological_emotional_abuse": false, "financial_abuse": false, "digital_technological_abuse": false, "spiritual_cultural_abuse": false, "neglect_withholding_care": true, "controlling_behavior": false, "social_isolation": false, "age": 39, "marital_status": "married", "ethnicity": "Black", "children": true, "source": "toxicrelationships"}, {"physical_abuse": false, "sexual_abuse": true, "psychological_emotional_abuse": false, "financial_abuse": false, "digital_technological_abuse": false, "spiritual_cultural_abuse": true, "neglect_withholding_care": false, "controlling_behavior": false, "social_isolation": false, "age": 48, "marital_status": "widowed", "ethnicity": "Asian", "children": false, "source": "abusiverelationships"}, {"physical_abuse": true, "sexual_abuse": false, "psychological_emotional_abuse": true, "financial_abuse": false, "digital_technological_abuse": false, "spiritual_cultural_abuse": false, "neglect_withholding_care": false, "controlling_behavior": true, "social_isolation": false, "age": 50, "marital_status": "married", "ethnicity": "White", "children": true, "source": "offmychest"}, {"physical_abuse": false, "sexual_abuse": false, "psychological_emotional_abuse": true, "financial_abuse": false, "digital_technological_abuse": false, "spiritual_cultural_abuse": false, "neglect_withholding_care": false, "controlling_behavior": false, "social_isolation": false, "age": 41, "marital_status": "single", "ethnicity": "Asian", "children": false, "source": "domestic_violence"}, {"physical_abuse": false, "sexual_abuse": false, "psychological_emotional_abuse": true, "financial_abuse": false, "digital_technological_abuse": false, "spiritual_cultural_abuse": false, "neglect_withholding_care": false, "controlling_behavior": false, "social_isolation": false, "age": 36, "marital_status": "married", "ethnicity": "White", "children": false, "source": "domestic_violence"}, {"physical_abuse": false, "sexual_abuse": false, "psychological_emotional_abuse": false, "financial_abuse": false, "digital_technological_abuse": true, "spiritual_cultural_abuse": false, "neglect_withholding_care": true, "controlling_behavior": true, "social_isolation": false, "age": 43, "marital_status": "married", "ethnicity": "White", "children": false, "source": "offmychest"}, {"physical_abuse": false, "sexual_abuse": false, "psychological_emotional_abuse": false, "financial_abuse": false, "digital_technological_abuse": true, "spiritual_cultural_abuse": false, "neglect_withholding_care": false, "controlling_behavior": false, "social_isolation": false, "age": 33, "marital_status": "single", "ethnicity": "Black", "children": false, "source": "toxicrelationships"}, {"physical_abuse": true, "sexual_abuse": true, "psychological_emotional_abuse": false, "financial_abuse": true, "digital_technological_abuse": false, "spiritual_cultural_abuse": false, "neglect_withholding_care": false, "controlling_behavior": false, "social_isolation": false, "age": 27, "marital_status": "single", "ethnicity": "Asian", "children": true, "source": "abusiverelationships"}, {"physical_abuse": false, "sexual_abuse": true, "psychological_emotional_abuse": true, "financial_abuse": false, "digital_technological_abuse": false, "spiritual_cultural_abuse": false, "neglect_withholding_care": false, "controlling_behavior": true, "social_isolation": false, "age": 27, "marital_status": "married", "ethnicity": "Hispanic/Latino", "children": true, "source": "offmychest"}, {"physical_abuse": false, "sexual_abuse": false, "psychological_emotional_abuse": true, "financial_abuse": false, "digital_technological_abuse": true, "spiritual_cultural_abuse": false, "neglect_withholding_care": false, "controlling_behavior": true, "social_isolation": true, "age": 35, "marital_status": "married", "ethnicity": "Asian", "children": true, "source": "abusiverelationships"}, {"physical_abuse": false, "sexual_abuse": false, "psychological_emotional_abuse": false, "financial_abuse": false, "digital_technological_abuse": false, "spiritual_cultural_abuse": false, "neglect_withholding_care": true, "controlling_behavior": false, "social_isolation": false, "age": 33, "marital_status": "married", "ethnicity": "Black", "children": true, "source": "domestic_violence"}, {"physical_abuse": false, "sexual_abuse": false, "psychological_emotional_abuse": false, "financial_abuse": false, "digital_technological_abuse": false, "spiritual_cultural_abuse": false, "neglect_withholding_care": true, "controlling_behavior": true, "social_isolation": true, "age": 26, "marital_status": "married", "ethnicity": "Asian", "children": false, "source": "relationship_advice"}, {"physical_abuse": false, "sexual_abuse": false, "psychological_emotional_abuse": false, "financial_abuse": false, "digital_technological_abuse": false, "spiritual_cultural_abuse": false, "neglect_withholding_care": false, "controlling_behavior": false, "social_isolation": true, "age": 49, "marital_status": "married", "ethnicity": "White", "children": false, "source": "abusiverelationships"}, {"physical_abuse": false, "sexual_abuse": false, "psychological_emotional_abuse": true, "financial_abuse": false, "digital_technological_abuse": false, "spiritual_cultural_abuse": false, "neglect_withholding_care": false, "controlling_behavior": false, "social_isolation": false, "age": 21, "marital_status": "single", "ethnicity": "Asian", "children": false, "source": "toxicrelationships"}, {"physical_abuse": false, "sexual_abuse": false, "psychological_emotional_abuse": false, "financial_abuse": false, "digital_technological_abuse": true, "spiritual_cultural_abuse": false, "neglect_withholding_care": true, "controlling_behavior": false, "social_isolation": true, "age": 40, "marital_status": "divorced", "ethnicity": "White", "children": true, "source": "toxicrelationships"}, {"physical_abuse": true, "sexual_abuse": false, "psychological_emotional_abuse": false, "financial_abuse": true, "digital_technological_abuse": true, "spiritual_cultural_abuse": true, "neglect_withholding_care": false, "controlling_behavior": false, "social_isolation": true, "age": 36, "marital_status": "divorced", "ethnicity": "Black", "children": true, "source": "domestic_violence"}, {"physical_abuse": true, "sexual_abuse": false, "psychological_emotional_abuse": true, "financial_abuse": true, "digital_technological_abuse": false, "spiritual_cultural_abuse": false, "neglect_withholding_care": false, "controlling_behavior": false, "social_isolation": false, "age": 34, "marital_status": "single", "ethnicity": "Asian", "children": true, "source": "relationship_advice"}, {"physical_abuse": false, "sexual_abuse": false, "psychological_emotional_abuse": false, "financial_abuse": false, "digital_technological_abuse": true, "spiritual_cultural_abuse": false, "neglect_withholding_care": false, "controlling_behavior": false, "social_isolation": false, "age": 39, "marital_status": "married", "ethnicity": "White", "children": true, "source": "domestic_violence"}, {"physical_abuse": true, "sexual_abuse": false, "psychological_emotional_abuse": true, "financial_abuse": false, "digital_technological_abuse": true, "spiritual_cultural_abuse": false, "neglect_withholding_care": false, "controlling_behavior": false, "social_isolation": false, "age": 33, "marital_status": "cohabiting", "ethnicity": "White", "children": false, "source": "toxicrelationships"}, {"physical_abuse": true, "sexual_abuse": false, "psychological_emotional_abuse": false, "financial_abuse": false, "digital_technological_abuse": true, "spiritual_cultural_abuse": false, "neglect_withholding_care": false, "controlling_behavior": false, "social_isolation": false, "age": 45, "marital_status": "divorced", "ethnicity": "White", "children": true, "source": "abusiverelationships"}, {"physical_abuse": false, "sexual_abuse": false, "psychological_emotional_abuse": false, "financial_abuse": true, "digital_technological_abuse": false, "spiritual_cultural_abuse": false, "neglect_withholding_care": false, "controlling_behavior": false, "social_isolation": false, "age": 27, "marital_status": "married", "ethnicity": "White", "children": false, "source": "toxicrelationships"}, {"physical_abuse": false, "sexual_abuse": false, "psychological_emotional_abuse": false, "financial_abuse": false, "digital_technological_abuse": true, "spiritual_cultural_abuse": false, "neglect_withholding_care": false, "controlling_behavior": false, "social_isolation": true, "age": 41, "marital_status": "married", "ethnicity": "Hispanic/Latino", "children": true, "source": "toxicrelationships"}, {"physical_abuse": false, "sexual_abuse": false, "psychological_emotional_abuse": true, "financial_abuse": false, "digital_technological_abuse": false, "spiritual_cultural_abuse": false, "neglect_withholding_care": false, "controlling_behavior": false, "social_isolation": false, "age": 30, "marital_status": "cohabiting", "ethnicity": "Asian", "children": true, "source": "abusiverelationships"}, {"physical_abuse": false, "sexual_abuse": false, "psychological_emotional_abuse": false, "financial_abuse": false, "digital_technological_abuse": false, "spiritual_cultural_abuse": false, "neglect_withholding_care": false, "controlling_behavior": false, "social_isolation": false, "age": 33, "marital_status": "single", "ethnicity": "Indigenous", "children": true, "source": "toxicrelationships"}, {"physical_abuse": false, "sexual_abuse": false, "psychological_emotional_abuse": true, "financial_abuse": true, "digital_technological_abuse": true, "spiritual_cultural_abuse": false, "neglect_withholding_care": false, "controlling_behavior": true, "social_isolation": true, "age": 42, "marital_status": "married", "ethnicity": "Black", "children": true, "source": "domestic_violence"}, {"physical_abuse": false, "sexual_abuse": false, "psychological_emotional_abuse": false, "financial_abuse": false, "digital_technological_abuse": true, "spiritual_cultural_abuse": false, "neglect_withholding_care": false, "controlling_behavior": false, "social_isolation": false, "age": 31, "marital_status": "cohabiting", "ethnicity": "Hispanic/Latino", "children": false, "source": "domestic_violence"}, {"physical_abuse": false, "sexual_abuse": false, "psychological_emotional_abuse": false, "financial_abuse": false, "digital_technological_abuse": false, "spiritual_cultural_abuse": false, "neglect_withholding_care": false, "controlling_behavior": true, "social_isolation": true, "age": 28, "marital_status": "married", "ethnicity": "Asian", "children": true, "source": "domestic_violence"}, {"physical_abuse": false, "sexual_abuse": false, "psychological_emotional_abuse": true, "financial_abuse": false, "digital_technological_abuse": false, "spiritual_cultural_abuse": false, "neglect_withholding_care": false, "controlling_behavior": false, "social_isolation": false, "age": 38, "marital_status": "single", "ethnicity": "Hispanic/Latino", "children": false, "source": "domestic_violence"}, {"physical_abuse": false, "sexual_abuse": false, "psychological_emotional_abuse": true, "financial_abuse": false, "digital_technological_abuse": true, "spiritual_cultural_abuse": false, "neglect_withholding_care": false, "controlling_behavior": true, "social_isolation": false, "age": 41, "marital_status": "cohabiting", "ethnicity": "Black", "children": true, "source": "relationship_advice"}, {"physical_abuse": false, "sexual_abuse": false, "psychological_emotional_abuse": false, "financial_abuse": false, "digital_technological_abuse": false, "spiritual_cultural_abuse": false, "neglect_withholding_care": false, "controlling_behavior": true, "social_isolation": false, "age": 26, "marital_status": "cohabiting", "ethnicity": "White", "children": true, "source": "domestic_violence"}, {"physical_abuse": true, "sexual_abuse": true, "psychological_emotional_abuse": false, "financial_abuse": false, "digital_technological_abuse": false, "spiritual_cultural_abuse": false, "neglect_withholding_care": true, "controlling_behavior": false, "social_isolation": false, "age": 27, "marital_status": "widowed", "ethnicity": "Indigenous", "children": true, "source": "abusiverelationships"}, {"physical_abuse": true, "sexual_abuse": false, "psychological_emotional_abuse": false, "financial_abuse": false, "digital_technological_abuse": false, "spiritual_cultural_abuse": false, "neglect_withholding_care": false, "controlling_behavior": false, "social_isolation": false, "age": 23, "marital_status": "cohabiting", "ethnicity": "Black", "children": true, "source": "offmychest"}, {"physical_abuse": false, "sexual_abuse": false, "psychological_emotional_abuse": false, "financial_abuse": false, "digital_technological_abuse": true, "spiritual_cultural_abuse": false, "neglect_withholding_care": false, "controlling_behavior": false, "social_isolation": false, "age": 21, "marital_status": "single", "ethnicity": "Asian", "children": false, "source": "relationship_advice"}, {"physical_abuse": false, "sexual_abuse": false, "psychological_emotional_abuse": false, "financial_abuse": false, "digital_technological_abuse": false, "spiritual_cultural_abuse": false, "neglect_withholding_care": false, "controlling_behavior": false, "social_isolation": false, "age": 53, "marital_status": "divorced", "ethnicity": "Asian", "children": true, "source": "relationship_advice"}, {"physical_abuse": false, "sexual_abuse": true, "psychological_emotional_abuse": true, "financial_abuse": false, "digital_technological_abuse": false, "spiritual_cultural_abuse": false, "neglect_withholding_care": true, "controlling_behavior": true, "social_isolation": false, "age": 42, "marital_status": "married", "ethnicity": "White", "children": true, "source": "domestic_violence"}, {"physical_abuse": false, "sexual_abuse": false, "psychological_emotional_abuse": false, "financial_abuse": false, "digital_technological_abuse": false, "spiritual_cultural_abuse": false, "neglect_withholding_care": false, "controlling_behavior": false, "social_isolation": false, "age": 40, "marital_status": "married", "ethnicity": "Asian", "children": true, "source": "toxicrelationships"}, {"physical_abuse": false, "sexual_abuse": false, "psychological_emotional_abuse": true, "financial_abuse": true, "digital_technological_abuse": false, "spiritual_cultural_abuse": true, "neglect_withholding_care": false, "controlling_behavior": true, "social_isolation": false, "age": 50, "marital_status": "married", "ethnicity": "Black", "children": false, "source": "toxicrelationships"}, {"physical_abuse": false, "sexual_abuse": false, "psychological_emotional_abuse": false, "financial_abuse": false, "digital_technological_abuse": false, "spiritual_cultural_abuse": false, "neglect_withholding_care": false, "controlling_behavior": false, "social_isolation": false, "age": 39, "marital_status": "married", "ethnicity": "White", "children": true, "source": "relationship_advice"}, {"physical_abuse": false, "sexual_abuse": true, "psychological_emotional_abuse": false, "financial_abuse": false, "digital_technological_abuse": true, "spiritual_cultural_abuse": false, "neglect_withholding_care": false, "controlling_behavior": true, "social_isolation": true, "age": 44, "marital_status": "married", "ethnicity": "White", "children": true, "source": "offmychest"}, {"physical_abuse": false, "sexual_abuse": false, "psychological_emotional_abuse": false, "financial_abuse": false, "digital_technological_abuse": false, "spiritual_cultural_abuse": false, "neglect_withholding_care": false, "controlling_behavior": false, "social_isolation": false, "age": 27, "marital_status": "cohabiting", "ethnicity": "Indigenous", "children": false, "source": "toxicrelationships"}, {"physical_abuse": false, "sexual_abuse": false, "psychological_emotional_abuse": true, "financial_abuse": false, "digital_technological_abuse": false, "spiritual_cultural_abuse": false, "neglect_withholding_care": true, "controlling_behavior": false, "social_isolation": false, "age": 35, "marital_status": "married", "ethnicity": "White", "children": true, "source": "toxicrelationships"}, {"physical_abuse": true, "sexual_abuse": false, "psychological_emotional_abuse": false, "financial_abuse": false, "digital_technological_abuse": true, "spiritual_cultural_abuse": false, "neglect_withholding_care": false, "controlling_behavior": false, "social_isolation": true, "age": 28, "marital_status": "married", "ethnicity": "White", "children": true, "source": "domestic_violence"}, {"physical_abuse": false, "sexual_abuse": false, "psychological_emotional_abuse": false, "financial_abuse": false, "digital_technological_abuse": false, "spiritual_cultural_abuse": false, "neglect_withholding_care": false, "controlling_behavior": true, "social_isolation": false, "age": 21, "marital_status": "single", "ethnicity": "White", "children": false, "source": "relationship_advice"}, {"physical_abuse": false, "sexual_abuse": true, "psychological_emotional_abuse": true, "financial_abuse": false, "digital_technological_abuse": false, "spiritual_cultural_abuse": false, "neglect_withholding_care": false, "controlling_behavior": false, "social_isolation": false, "age": 37, "marital_status": "married", "ethnicity": "Black", "children": true, "source": "domestic_violence"}, {"physical_abuse": false, "sexual_abuse": false, "psychological_emotional_abuse": false, "financial_abuse": true, "digital_technological_abuse": false, "spiritual_cultural_abuse": false, "neglect_withholding_care": true, "controlling_behavior": false, "social_isolation": false, "age": 25, "marital_status": "married", "ethnicity": "Black", "children": true, "source": "toxicrelationships"}, {"physical_abuse": false, "sexual_abuse": false, "psychological_emotional_abuse": true, "financial_abuse": true, "digital_technological_abuse": false, "spiritual_cultural_abuse": false, "neglect_withholding_care": false, "controlling_behavior": false, "social_isolation": false, "age": 43, "marital_status": "married", "ethnicity": "Hispanic/Latino", "children": true, "source": "toxicrelationships"}, {"physical_abuse": false, "sexual_abuse": false, "psychological_emotional_abuse": false, "financial_abuse": false, "digital_technological_abuse": false, "spiritual_cultural_abuse": false, "neglect_withholding_care": true, "controlling_behavior": true, "social_isolation": true, "age": 31, "marital_status": "married", "ethnicity": "Hispanic/Latino", "children": true, "source": "domestic_violence"}, {"physical_abuse": false, "sexual_abuse": false, "psychological_emotional_abuse": true, "financial_abuse": false, "digital_technological_abuse": false, "spiritual_cultural_abuse": true, "neglect_withholding_care": false, "controlling_behavior": false, "social_isolation": false, "age": 33, "marital_status": "married", "ethnicity": "White", "children": true, "source": "domestic_violence"}, {"physical_abuse": false, "sexual_abuse": false, "psychological_emotional_abuse": false, "financial_abuse": false, "digital_technological_abuse": false, "spiritual_cultural_abuse": false, "neglect_withholding_care": false, "controlling_behavior": false, "social_isolation": false, "age": 30, "marital_status": "married", "ethnicity": "Hispanic/Latino", "children": false, "source": "toxicrelationships"}, {"physical_abuse": false, "sexual_abuse": false, "psychological_emotional_abuse": true, "financial_abuse": false, "digital_technological_abuse": false, "spiritual_cultural_abuse": false, "neglect_withholding_care": false, "controlling_behavior": false, "social_isolation": false, "age": 38, "marital_status": "single", "ethnicity": "White", "children": true, "source": "offmychest"}, {"physical_abuse": false, "sexual_abuse": false, "psychological_emotional_abuse": false, "financial_abuse": false, "digital_technological_abuse": true, "spiritual_cultural_abuse": false, "neglect_withholding_care": false, "controlling_behavior": true, "social_isolation": false, "age": 27, "marital_status": "married", "ethnicity": "Black", "children": false, "source": "domestic_violence"}, {"physical_abuse": false, "sexual_abuse": true, "psychological_emotional_abuse": false, "financial_abuse": false, "digital_technological_abuse": true, "spiritual_cultural_abuse": false, "neglect_withholding_care": false, "controlling_behavior": true, "social_isolation": false, "age": 30, "marital_status": "single", "ethnicity": "White", "children": false, "source": "domestic_violence"}, {"physical_abuse": false, "sexual_abuse": true, "psychological_emotional_abuse": false, "financial_abuse": false, "digital_technological_abuse": true, "spiritual_cultural_abuse": false, "neglect_withholding_care": false, "controlling_behavior": false, "social_isolation": false, "age": 25, "marital_status": "cohabiting", "ethnicity": "Hispanic/Latino", "children": true, "source": "abusiverelationships"}, {"physical_abuse": true, "sexual_abuse": false, "psychological_emotional_abuse": true, "financial_abuse": false, "digital_technological_abuse": false, "spiritual_cultural_abuse": false, "neglect_withholding_care": false, "controlling_behavior": true, "social_isolation": false, "age": 36, "marital_status": "married", "ethnicity": "Black", "children": true, "source": "relationship_advice"}, {"physical_abuse": false, "sexual_abuse": false, "psychological_emotional_abuse": false, "financial_abuse": true, "digital_technological_abuse": true, "spiritual_cultural_abuse": false, "neglect_withholding_care": false, "controlling_behavior": false, "social_isolation": false, "age": 34, "marital_status": "cohabiting", "ethnicity": "Asian", "children": false, "source": "offmychest"}, {"physical_abuse": false, "sexual_abuse": false, "psychological_emotional_abuse": true, "financial_abuse": false, "digital_technological_abuse": true, "spiritual_cultural_abuse": false, "neglect_withholding_care": true, "controlling_behavior": false, "social_isolation": false, "age": 52, "marital_status": "married", "ethnicity": "Asian", "children": false, "source": "toxicrelationships"}, {"physical_abuse": false, "sexual_abuse": false, "psychological_emotional_abuse": false, "financial_abuse": false, "digital_technological_abuse": true, "spiritual_cultural_abuse": false, "neglect_withholding_care": false, "controlling_behavior": true, "social_isolation": false, "age": 29, "marital_status": "married", "ethnicity": "White", "children": true, "source": "abusiverelationships"}, {"physical_abuse": false, "sexual_abuse": false, "psychological_emotional_abuse": false, "financial_abuse": true, "digital_technological_abuse": false, "spiritual_cultural_abuse": true, "neglect_withholding_care": false, "controlling_behavior": true, "social_isolation": false, "age": 35, "marital_status": "married", "ethnicity": "Asian", "children": true, "source": "toxicrelationships"}, {"physical_abuse": true, "sexual_abuse": false, "psychological_emotional_abuse": false, "financial_abuse": false, "digital_technological_abuse": false, "spiritual_cultural_abuse": false, "neglect_withholding_care": false, "controlling_behavior": true, "social_isolation": false, "age": 35, "marital_status": "married", "ethnicity": "White", "children": true, "source": "abusiverelationships"}, {"physical_abuse": false, "sexual_abuse": false, "psychological_emotional_abuse": false, "financial_abuse": false, "digital_technological_abuse": false, "spiritual_cultural_abuse": false, "neglect_withholding_care": false, "controlling_behavior": true, "social_isolation": false, "age": 40, "marital_status": "married", "ethnicity": "Asian", "children": true, "source": "toxicrelationships"}, {"physical_abuse": false, "sexual_abuse": false, "psychological_emotional_abuse": true, "financial_abuse": true, "digital_technological_abuse": false, "spiritual_cultural_abuse": false, "neglect_withholding_care": false, "controlling_behavior": true, "social_isolation": false, "age": 27, "marital_status": "single", "ethnicity": "Black", "children": false, "source": "domestic_violence"}, {"physical_abuse": false, "sexual_abuse": false, "psychological_emotional_abuse": false, "financial_abuse": true, "digital_technological_abuse": false, "spiritual_cultural_abuse": false, "neglect_withholding_care": false, "controlling_behavior": true, "social_isolation": false, "age": 49, "marital_status": "married", "ethnicity": "Asian", "children": true, "source": "offmychest"}, {"physical_abuse": true, "sexual_abuse": false, "psychological_emotional_abuse": false, "financial_abuse": false, "digital_technological_abuse": false, "spiritual_cultural_abuse": false, "neglect_withholding_care": false, "controlling_behavior": true, "social_isolation": false, "age": 33, "marital_status": "married", "ethnicity": "White", "children": true, "source": "abusiverelationships"}, {"physical_abuse": true, "sexual_abuse": false, "psychological_emotional_abuse": true, "financial_abuse": false, "digital_technological_abuse": true, "spiritual_cultural_abuse": false, "neglect_withholding_care": false, "controlling_behavior": true, "social_isolation": true, "age": 41, "marital_status": "single", "ethnicity": "Black", "children": false, "source": "abusiverelationships"}, {"physical_abuse": false, "sexual_abuse": false, "psychological_emotional_abuse": false, "financial_abuse": false, "digital_technological_abuse": true, "spiritual_cultural_abuse": false, "neglect_withholding_care": false, "controlling_behavior": false, "social_isolation": false, "age": 24, "marital_status": "cohabiting", "ethnicity": "Asian", "children": true, "source": "abusiverelationships"}, {"physical_abuse": false, "sexual_abuse": false, "psychological_emotional_abuse": false, "financial_abuse": false, "digital_technological_abuse": true, "spiritual_cultural_abuse": true, "neglect_withholding_care": false, "controlling_behavior": false, "social_isolation": false, "age": 52, "marital_status": "married", "ethnicity": "Asian", "children": false, "source": "domestic_violence"}, {"physical_abuse": true, "sexual_abuse": false, "psychological_emotional_abuse": false, "financial_abuse": true, "digital_technological_abuse": false, "spiritual_cultural_abuse": false, "neglect_withholding_care": false, "controlling_behavior": false, "social_isolation": true, "age": 41, "marital_status": "married", "ethnicity": "Hispanic/Latino", "children": false, "source": "relationship_advice"}, {"physical_abuse": false, "sexual_abuse": false, "psychological_emotional_abuse": false, "financial_abuse": true, "digital_technological_abuse": false, "spiritual_cultural_abuse": false, "neglect_withholding_care": false, "controlling_behavior": false, "social_isolation": false, "age": 23, "marital_status": "single", "ethnicity": "Asian", "children": false, "source": "domestic_violence"}, {"physical_abuse": false, "sexual_abuse": true, "psychological_emotional_abuse": false, "financial_abuse": true, "digital_technological_abuse": true, "spiritual_cultural_abuse": false, "neglect_withholding_care": false, "controlling_behavior": true, "social_isolation": false, "age": 46, "marital_status": "married", "ethnicity": "Indigenous", "children": true, "source": "abusiverelationships"}, {"physical_abuse": false, "sexual_abuse": false, "psychological_emotional_abuse": false, "financial_abuse": false, "digital_technological_abuse": true, "spiritual_cultural_abuse": false, "neglect_withholding_care": false, "controlling_behavior": true, "social_isolation": true, "age": 33, "marital_status": "cohabiting", "ethnicity": "Asian", "children": true, "source": "toxicrelationships"}, {"physical_abuse": false, "sexual_abuse": false, "psychological_emotional_abuse": false, "financial_abuse": false, "digital_technological_abuse": true, "spiritual_cultural_abuse": false, "neglect_withholding_care": false, "controlling_behavior": true, "social_isolation": false, "age": 46, "marital_status": "divorced", "ethnicity": "Black", "children": true, "source": "offmychest"}, {"physical_abuse": false, "sexual_abuse": false, "psychological_emotional_abuse": false, "financial_abuse": false, "digital_technological_abuse": false, "spiritual_cultural_abuse": false, "neglect_withholding_care": false, "controlling_behavior": false, "social_isolation": false, "age": 42, "marital_status": "married", "ethnicity": "Asian", "children": true, "source": "offmychest"}, {"physical_abuse": true, "sexual_abuse": false, "psychological_emotional_abuse": false, "financial_abuse": false, "digital_technological_abuse": false, "spiritual_cultural_abuse": true, "neglect_withholding_care": true, "controlling_behavior": true, "social_isolation": false, "age": 40, "marital_status": "cohabiting", "ethnicity": "Black", "children": true, "source": "domestic_violence"}, {"physical_abuse": false, "sexual_abuse": false, "psychological_emotional_abuse": false, "financial_abuse": false, "digital_technological_abuse": true, "spiritual_cultural_abuse": false, "neglect_withholding_care": false, "controlling_behavior": false, "social_isolation": false, "age": 49, "marital_status": "married", "ethnicity": "Asian", "children": true, "source": "relationship_advice"}, {"physical_abuse": true, "sexual_abuse": true, "psychological_emotional_abuse": true, "financial_abuse": true, "digital_technological_abuse": true, "spiritual_cultural_abuse": false, "neglect_withholding_care": false, "controlling_behavior": true, "social_isolation": false, "age": 54, "marital_status": "single", "ethnicity": "Hispanic/Latino", "children": false, "source": "domestic_violence"}, {"physical_abuse": true, "sexual_abuse": false, "psychological_emotional_abuse": true, "financial_abuse": false, "digital_technological_abuse": false, "spiritual_cultural_abuse": false, "neglect_withholding_care": true, "controlling_behavior": false, "social_isolation": false, "age": 25, "marital_status": "married", "ethnicity": "Hispanic/Latino", "children": true, "source": "abusiverelationships"}, {"physical_abuse": false, "sexual_abuse": false, "psychological_emotional_abuse": false, "financial_abuse": false, "digital_technological_abuse": false, "spiritual_cultural_abuse": false, "neglect_withholding_care": true, "controlling_behavior": false, "social_isolation": true, "age": 27, "marital_status": "cohabiting", "ethnicity": "Asian", "children": true, "source": "abusiverelationships"}, {"physical_abuse": false, "sexual_abuse": false, "psychological_emotional_abuse": true, "financial_abuse": false, "digital_technological_abuse": true, "spiritual_cultural_abuse": true, "neglect_withholding_care": true, "controlling_behavior": false, "social_isolation": false, "age": 27, "marital_status": "cohabiting", "ethnicity": "Asian", "children": true, "source": "toxicrelationships"}, {"physical_abuse": false, "sexual_abuse": false, "psychological_emotional_abuse": false, "financial_abuse": false, "digital_technological_abuse": false, "spiritual_cultural_abuse": false, "neglect_withholding_care": false, "controlling_behavior": true, "social_isolation": false, "age": 47, "marital_status": "cohabiting", "ethnicity": "Asian", "children": true, "source": "domestic_violence"}]
