{
  "dimensions": [
    {
      "name": "Coercive Control & Surveillance",
      "definition": "Systematic restriction of autonomy and relentless monitoring, including financial control, jealousy, and demands for proof of loyalty.",
      "items": [
        {
          "id": "IT07",
          "text": "Non mi vuole bene per quella che sono e non rispetta le mie scelte"
        },
        {
          "id": "IT27",
          "text": "Non vuole che io veda la mia famiglia, i miei amici/amiche"
        },
        {
          "id": "IT12",
          "text": "Mi chiede di non vedere i miei amici/amiche"
        },
        {
          "id": "IT47",
          "text": "Mi impedisce di avere accesso al conto corrente o alle mie risorse economiche"
        },
        {
          "id": "IT49",
          "text": "Mi impedisce cercare un lavoro per essere indipendente"
        },
        {
          "id": "IT06",
          "text": "Non mi sento libera di fare le mie scelte su come gestire il mio tempo"
        },
        {
          "id": "IT25",
          "text": "Non mi sento libera di vestirmi come voglio"
        },
        {
          "id": "IT46",
          "text": "Controlla come spendo i miei soldi"
        },
        {
          "id": "IT48",
          "text": "Mi viene chiesto di giustificare ogni acquisto che faccio"
        },
        {
          "id": "IT26",
          "text": "Cerca di controllare ciò che faccio e con chi mi vedo"
        },
        {
          "id": "IT24",
          "text": "Mi sento controllata, ho la sensazione che non si fidi di me e che voglia sapere sempre dove sono e con chi, me lo chiede continuamente"
        },
        {
          "id": "IT16",
          "text": "Sento che mi manda troppi messaggi o mi chiama in modo insistente"
        },
        {
          "id": "IT21",
          "text": "Pretende prove d'amore e dimostrazioni di fedeltà nei suoi confronti"
        },
        {
          "id": "IT22",
          "text": "Diventa estremamente geloso o possessivo"
        },
        {
          "id": "IT13",
          "text": "Dice che sono impegnata in troppe cose e che lo trascuro, vorrebbe che passassimo la maggior parte del tempo insieme"
        },
        {
          "id": "IT05",
          "text": "Non capisce che ho bisogno anche di miei spazi personali e non comprende che ci sono momenti in cui mi piace stare da sola o con persone diverse da lui (amici/amiche, familiari ecc.)"
        }
      ]
    },
    {
      "name": "Emotional Abuse & Degradation",
      "definition": "Verbal and non‑verbal attacks that erode self‑worth, shame, or withhold validation.",
      "items": [
        {
          "id": "IT31",
          "text": "Mi fa sentire spesso sbagliata e mi dice che è colpa mia se sta male"
        },
        {
          "id": "IT32",
          "text": "Mi dice che non valgo niente e che resterei sola se non stessi con lui perché nessuno mi vorrebbe"
        },
        {
          "id": "IT30",
          "text": "Mi butta giù di morale, mi insulta o mi critica"
        },
        {
          "id": "IT17",
          "text": "Non mi fa sentire bene quando parla di come mi prendo cura di me stessa e del mio aspetto fisico"
        },
        {
          "id": "IT42",
          "text": "Urla o mi umilia di fronte ad altre persone"
        },
        {
          "id": "IT14",
          "text": "Mi sento giudicata rispetto alle cose che faccio e a come organizzo la mia vita"
        },
        {
          "id": "IT03",
          "text": "Non mi sento ascoltata"
        },
        {
          "id": "IT04",
          "text": "Non si mostra interessato quando ho qualcosa che voglio condividere"
        },
        {
          "id": "IT02",
          "text": "Non mi incoraggia a provare nuove cose"
        }
      ]
    },
    {
      "name": "Gaslighting & Reality Distortion",
      "definition": "Manipulation that denies events, shifts blame, or threatens exposure to make the victim doubt their perception or sanity.",
      "items": [
        {
          "id": "IT40",
          "text": "Dopo che mi ha aggredito (fisicamente o verbalmente) nega di averlo fatto e mi fa dubitare che sia realmente successo."
        },
        {
          "id": "IT23",
          "text": "Mi accusa di flirtare o di tradirlo"
        },
        {
          "id": "IT35",
          "text": "Mi dice che, se lo lasciassi, rivelerebbe ad altri dei miei segreti o delle cose molto personali che sa di me"
        }
      ]
    },
    {
      "name": "Threats & Intimidation",
      "definition": "Explicit or implicit threats of physical harm, self‑harm, property destruction, or exposure of intimate material used to create terror.",
      "items": [
        {
          "id": "IT38",
          "text": "Minaccia di distruggere le mie cose (telefono, vestiti, computer, auto, ecc.)"
        },
        {
          "id": "IT34",
          "text": "Minaccia di mostrare ai miei amici o ai miei familiari mie immagini intime"
        },
        {
          "id": "IT36",
          "text": "Minaccia di fare del male a me, ai miei amici/amiche o alla mia famiglia"
        },
        {
          "id": "IT37",
          "text": "Minaccia di farsi del male a causa mia"
        },
        {
          "id": "IT41",
          "text": "Rompe e lancia oggetti per intimidirmi"
        }
      ]
    },
    {
      "name": "Physical & Sexual Violence",
      "definition": "Direct bodily aggression and non‑consensual sexual pressure, including image‑based sexual abuse.",
      "items": [
        {
          "id": "IT39",
          "text": "Mi afferra per i capelli, mi strattona, mi mette le mani al collo, tenta di soffocarmi, mi dà dei pugni, mi schiaffeggia, mi getta addosso degli oggetti o mi fa male in qualche modo"
        },
        {
          "id": "IT43",
          "text": "Mi chiede insistentemente di fare sesso e non accetta quando dico di no o che non mi va"
        },
        {
          "id": "IT33",
          "text": "Ha mostrato mie immagini intime ad altre persone senza il mio consenso"
        }
      ]
    },
    {
      "name": "Isolation & Social Sabotage",
      "definition": "Strategies that cut the victim off from family/friends or disparage those relationships, plus third‑party concern about the abuse.",
      "items": [
        {
          "id": "IT11",
          "text": "Parla male delle mie amici/amiche e dice che sono dei/delle “poco di buono”"
        },
        {
          "id": "IT10",
          "text": "I miei amici/amiche mi hanno fatto notare che non piace loro come si comporta con me"
        },
        {
          "id": "IT20",
          "text": "Le mie amiche o la mia famiglia sono preoccupate per me"
        }
      ]
    },
    {
      "name": "Fear, Hyper‑vigilance & Safety Concerns",
      "definition": "Victim’s chronic internal state of danger, self‑censorship and feeling unsafe.",
      "items": [
        {
          "id": "IT18",
          "text": "Provo paura vicino a lui, non mi sento al sicuro"
        },
        {
          "id": "IT44",
          "text": "Ho paura di vederlo perché so che potrebbe avere comportamenti che mi possono fare stare male o sentire in imbarazzo"
        },
        {
          "id": "IT09",
          "text": "In sua compagnia non mi sento a mio agio e al sicuro"
        },
        {
          "id": "IT29",
          "text": "In sua compagnia mi capita di sentirmi a disagio e ho la sensazione di dover stare attenta a ciò che dico o a ciò che faccio, come se dovessi “camminare sulle uova” per evitare sue reazioni negative"
        },
        {
          "id": "IT19",
          "text": "Sento disagio o non voglio fare qualcosa ma lo nascondo per paura che si arrabbi"
        }
      ]
    },
    {
      "name": "Positive Relationship Indicator (reverse‑coded)",
      "definition": "Item signalling relational safety and openness, used as a protective‑factor indicator.",
      "items": [
        {
          "id": "IT45",
          "text": "Sento di potergli parlare di qualsiasi cosa"
        }
      ]
    }
  ]
}