{
  "items": [
    {
      "item_id": "IT39",
      "item_text": "Mi afferra per i capelli, mi strattona, mi mette le mani al collo, tenta di soffocarmi, mi dà dei pugni, mi schiaffeggia, mi getta addosso degli oggetti o mi fa male in qualche modo",
      "dimension": "Physical Violence",
      "fit_mean": 5.0,
      "clarity_mean": 4.583,
      "fit_iqr": 0.0,
      "redundancy_ratio": 0.0,
      "decision": "Retain",
      "reason": "fit_mean≥4 (5.00), IQR≤1 (0.00), clarity≥4 (4.58)",
      "n_raters": 12
    },
    {
      "item_id": "IT41",
      "item_text": "Rompe e lancia oggetti per intimidirmi",
      "dimension": "Threats & Intimidation",
      "fit_mean": 4.167,
      "clarity_mean": 4.833,
      "fit_iqr": 0.0,
      "redundancy_ratio": 0.083,
      "decision": "Drop",
      "reason": "fit_mean≥4 (4.17), IQR≤1 (0.00), clarity≥4 (4.83); pairwise redundancy ≥0.50 vs IT38",
      "n_raters": 12
    },
    {
      "item_id": "IT38",
      "item_text": "Minaccia di distruggere le mie cose (telefono, vestiti, computer, auto, ecc.)",
      "dimension": "Threats & Intimidation",
      "fit_mean": 4.833,
      "clarity_mean": 5.0,
      "fit_iqr": 0.0,
      "redundancy_ratio": 0.333,
      "decision": "Retain",
      "reason": "fit_mean≥4 (4.83), IQR≤1 (0.00), clarity≥4 (5.00)",
      "n_raters": 12
    },
    {
      "item_id": "IT36",
      "item_text": "Minaccia di fare del male a me, ai miei amici/amiche o alla mia famiglia",
      "dimension": "Threats & Intimidation",
      "fit_mean": 5.0,
      "clarity_mean": 5.0,
      "fit_iqr": 0.0,
      "redundancy_ratio": 0.0,
      "decision": "Retain",
      "reason": "fit_mean≥4 (5.00), IQR≤1 (0.00), clarity≥4 (5.00)",
      "n_raters": 12
    },
    {
      "item_id": "IT37",
      "item_text": "Minaccia di farsi del male a causa mia",
      "dimension": "Threats & Intimidation",
      "fit_mean": 4.167,
      "clarity_mean": 4.5,
      "fit_iqr": 0.0,
      "redundancy_ratio": 0.0,
      "decision": "Retain",
      "reason": "fit_mean≥4 (4.17), IQR≤1 (0.00), clarity≥4 (4.50)",
      "n_raters": 12
    },
    {
      "item_id": "IT43",
      "item_text": "Mi chiede insistentemente di fare sesso e non accetta quando dico di no o che non mi va",
      "dimension": "Sexual Coercion & Privacy Violation",
      "fit_mean": 4.833,
      "clarity_mean": 4.75,
      "fit_iqr": 0.0,
      "redundancy_ratio": 0.0,
      "decision": "Retain",
      "reason": "fit_mean≥4 (4.83), IQR≤1 (0.00), clarity≥4 (4.75)",
      "n_raters": 12
    },
    {
      "item_id": "IT33",
      "item_text": "Ha mostrato mie immagini intime ad altre persone senza il mio consenso",
      "dimension": "Sexual Coercion & Privacy Violation",
      "fit_mean": 5.0,
      "clarity_mean": 5.0,
      "fit_iqr": 0.0,
      "redundancy_ratio": 0.0,
      "decision": "Retain",
      "reason": "fit_mean≥4 (5.00), IQR≤1 (0.00), clarity≥4 (5.00)",
      "n_raters": 12
    },
    {
      "item_id": "IT34",
      "item_text": "Minaccia di mostrare ai miei amici o ai miei familiari mie immagini intime",
      "dimension": "Sexual Coercion & Privacy Violation",
      "fit_mean": 4.583,
      "clarity_mean": 4.917,
      "fit_iqr": 1.0,
      "redundancy_ratio": 0.583,
      "decision": "Drop",
      "reason": "fit_mean≥4 (4.58), IQR≤1 (1.00), clarity≥4 (4.92); pairwise redundancy ≥0.50 vs IT33",
      "n_raters": 12
    },
    {
      "item_id": "IT35",
      "item_text": "Mi dice che, se lo lasciassi, rivelerebbe ad altri dei miei segreti o delle cose molto personali che sa di me",
      "dimension": "Sexual Coercion & Privacy Violation",
      "fit_mean": 4.083,
      "clarity_mean": 4.5,
      "fit_iqr": 0.0,
      "redundancy_ratio": 0.333,
      "decision": "Retain",
      "reason": "fit_mean≥4 (4.08), IQR≤1 (0.00), clarity≥4 (4.50)",
      "n_raters": 12
    },
    {
      "item_id": "IT24",
      "item_text": "Mi sento controllata, ho la sensazione che non si fidi di me e che voglia sapere sempre dove sono e con chi, me lo chiede continuamente",
      "dimension": "Coercive Control & Isolation",
      "fit_mean": 4.833,
      "clarity_mean": 4.583,
      "fit_iqr": 0.0,
      "redundancy_ratio": 0.5,
      "decision": "Retain",
      "reason": "fit_mean≥4 (4.83), IQR≤1 (0.00), clarity≥4 (4.58)",
      "n_raters": 12
    },
    {
      "item_id": "IT26",
      "item_text": "Cerca di controllare ciò che faccio e con chi mi vedo",
      "dimension": "Coercive Control & Isolation",
      "fit_mean": 4.917,
      "clarity_mean": 4.917,
      "fit_iqr": 0.0,
      "redundancy_ratio": 0.75,
      "decision": "Drop",
      "reason": "fit_mean≥4 (4.92), IQR≤1 (0.00), clarity≥4 (4.92); pairwise redundancy ≥0.50 vs IT27",
      "n_raters": 12
    },
    {
      "item_id": "IT06",
      "item_text": "Non mi fa sentire libera di fare le mie scelte su come gestire il mio tempo",
      "dimension": "Coercive Control & Isolation",
      "fit_mean": 4.0,
      "clarity_mean": 4.0,
      "fit_iqr": 0.0,
      "redundancy_ratio": 0.583,
      "decision": "Retain",
      "reason": "fit_mean≥4 (4.00), IQR≤1 (0.00), clarity≥4 (4.00)",
      "n_raters": 12
    },
    {
      "item_id": "IT25",
      "item_text": "Non mi sento libera di vestirmi come voglio",
      "dimension": "Coercive Control & Isolation",
      "fit_mean": 4.0,
      "clarity_mean": 4.917,
      "fit_iqr": 0.0,
      "redundancy_ratio": 0.167,
      "decision": "Retain",
      "reason": "fit_mean≥4 (4.00), IQR≤1 (0.00), clarity≥4 (4.92)",
      "n_raters": 12
    },
    {
      "item_id": "IT12",
      "item_text": "Mi chiede di non vedere i miei amici/amiche",
      "dimension": "Coercive Control & Isolation",
      "fit_mean": 4.833,
      "clarity_mean": 4.917,
      "fit_iqr": 0.0,
      "redundancy_ratio": 1.0,
      "decision": "Drop",
      "reason": "fit_mean≥4 (4.83), IQR≤1 (0.00), clarity≥4 (4.92); pairwise redundancy ≥0.50 vs IT27",
      "n_raters": 12
    },
    {
      "item_id": "IT27",
      "item_text": "Non vuole che io veda la mia famiglia, i miei amici/amiche",
      "dimension": "Coercive Control & Isolation",
      "fit_mean": 4.917,
      "clarity_mean": 5.0,
      "fit_iqr": 0.0,
      "redundancy_ratio": 0.75,
      "decision": "Retain",
      "reason": "fit_mean≥4 (4.92), IQR≤1 (0.00), clarity≥4 (5.00)",
      "n_raters": 12
    },
    {
      "item_id": "IT11",
      "item_text": "Parla male delle mie amici/amiche e dice che sono dei/delle “poco di buono”",
      "dimension": "Coercive Control & Isolation",
      "fit_mean": 3.833,
      "clarity_mean": 4.333,
      "fit_iqr": 0.0,
      "redundancy_ratio": 0.25,
      "decision": "Retain",
      "reason": "fallback to majority recommendation",
      "n_raters": 12
    },
    {
      "item_id": "IT49",
      "item_text": "Mi impedisce cercare un lavoro per essere indipendente",
      "dimension": "Coercive Control & Isolation",
      "fit_mean": 5.0,
      "clarity_mean": 5.0,
      "fit_iqr": 0.0,
      "redundancy_ratio": 0.167,
      "decision": "Retain",
      "reason": "fit_mean≥4 (5.00), IQR≤1 (0.00), clarity≥4 (5.00)",
      "n_raters": 12
    },
    {
      "item_id": "IT47",
      "item_text": "Mi impedisce di avere accesso al conto corrente o alle mie risorse economiche",
      "dimension": "Coercive Control & Isolation",
      "fit_mean": 5.0,
      "clarity_mean": 5.0,
      "fit_iqr": 0.0,
      "redundancy_ratio": 0.417,
      "decision": "Drop",
      "reason": "fit_mean≥4 (5.00), IQR≤1 (0.00), clarity≥4 (5.00); pairwise redundancy ≥0.50 vs IT49",
      "n_raters": 12
    },
    {
      "item_id": "IT46",
      "item_text": "Controlla come spendo i miei soldi",
      "dimension": "Coercive Control & Isolation",
      "fit_mean": 4.5,
      "clarity_mean": 4.667,
      "fit_iqr": 1.0,
      "redundancy_ratio": 0.917,
      "decision": "Retain",
      "reason": "fit_mean≥4 (4.50), IQR≤1 (1.00), clarity≥4 (4.67)",
      "n_raters": 12
    },
    {
      "item_id": "IT48",
      "item_text": "Mi viene chiesto di giustificare ogni acquisto che faccio",
      "dimension": "Coercive Control & Isolation",
      "fit_mean": 4.083,
      "clarity_mean": 4.75,
      "fit_iqr": 0.0,
      "redundancy_ratio": 1.0,
      "decision": "Drop",
      "reason": "fit_mean≥4 (4.08), IQR≤1 (0.00), clarity≥4 (4.75); pairwise redundancy ≥0.50 vs IT46",
      "n_raters": 12
    },
    {
      "item_id": "IT21",
      "item_text": "Pretende prove d'amore e dimostrazioni di fedeltà nei suoi confronti",
      "dimension": "Coercive Control & Isolation",
      "fit_mean": 3.917,
      "clarity_mean": 4.333,
      "fit_iqr": 0.0,
      "redundancy_ratio": 0.333,
      "decision": "Drop",
      "reason": "fallback to majority recommendation; pairwise redundancy ≥0.50 vs IT22",
      "n_raters": 12
    },
    {
      "item_id": "IT22",
      "item_text": "Diventa estremamente geloso o possessivo",
      "dimension": "Coercive Control & Isolation",
      "fit_mean": 4.833,
      "clarity_mean": 5.0,
      "fit_iqr": 0.0,
      "redundancy_ratio": 0.417,
      "decision": "Retain",
      "reason": "fit_mean≥4 (4.83), IQR≤1 (0.00), clarity≥4 (5.00)",
      "n_raters": 12
    },
    {
      "item_id": "IT23",
      "item_text": "Mi accusa di flirtare o di tradirlo",
      "dimension": "Coercive Control & Isolation",
      "fit_mean": 4.167,
      "clarity_mean": 4.833,
      "fit_iqr": 0.0,
      "redundancy_ratio": 0.5,
      "decision": "Drop",
      "reason": "fit_mean≥4 (4.17), IQR≤1 (0.00), clarity≥4 (4.83); pairwise redundancy ≥0.50 vs IT22",
      "n_raters": 12
    },
    {
      "item_id": "IT16",
      "item_text": "Sento che mi manda troppi messaggi o mi chiama in modo insistente",
      "dimension": "Coercive Control & Isolation",
      "fit_mean": 4.167,
      "clarity_mean": 4.5,
      "fit_iqr": 0.0,
      "redundancy_ratio": 0.333,
      "decision": "Drop",
      "reason": "fit_mean≥4 (4.17), IQR≤1 (0.00), clarity≥4 (4.50); pairwise redundancy ≥0.50 vs IT24",
      "n_raters": 12
    },
    {
      "item_id": "IT13",
      "item_text": "Dice che sono impegnata in troppe cose e che lo trascuro, vorrebbe che passassimo la maggior parte del tempo insieme",
      "dimension": "Coercive Control & Isolation",
      "fit_mean": 3.833,
      "clarity_mean": 4.333,
      "fit_iqr": 0.0,
      "redundancy_ratio": 0.583,
      "decision": "Drop",
      "reason": "fallback to majority recommendation; pairwise redundancy ≥0.50 vs IT05",
      "n_raters": 12
    },
    {
      "item_id": "IT05",
      "item_text": "Non capisce che ho bisogno anche di miei spazi personali e non comprende che ci sono momenti in cui mi piace stare da sola o con persone diverse da lui (amici/amiche, familiari ecc.)",
      "dimension": "Coercive Control & Isolation",
      "fit_mean": 4.083,
      "clarity_mean": 4.333,
      "fit_iqr": 0.0,
      "redundancy_ratio": 0.667,
      "decision": "Retain",
      "reason": "fit_mean≥4 (4.08), IQR≤1 (0.00), clarity≥4 (4.33)",
      "n_raters": 12
    },
    {
      "item_id": "IT30",
      "item_text": "Mi butta giù di morale, mi insulta o mi critica",
      "dimension": "Emotional & Verbal Abuse",
      "fit_mean": 5.0,
      "clarity_mean": 4.917,
      "fit_iqr": 0.0,
      "redundancy_ratio": 0.083,
      "decision": "Drop",
      "reason": "fit_mean≥4 (5.00), IQR≤1 (0.00), clarity≥4 (4.92); pairwise redundancy ≥0.50 vs IT32",
      "n_raters": 12
    },
    {
      "item_id": "IT32",
      "item_text": "Mi dice che non valgo niente e che resterei sola se non stessi con lui perché nessuno mi vorrebbe",
      "dimension": "Emotional & Verbal Abuse",
      "fit_mean": 5.0,
      "clarity_mean": 5.0,
      "fit_iqr": 0.0,
      "redundancy_ratio": 0.25,
      "decision": "Retain",
      "reason": "fit_mean≥4 (5.00), IQR≤1 (0.00), clarity≥4 (5.00)",
      "n_raters": 12
    },
    {
      "item_id": "IT31",
      "item_text": "Mi fa sentire spesso sbagliata e mi dice che è colpa mia se sta male",
      "dimension": "Emotional & Verbal Abuse",
      "fit_mean": 4.333,
      "clarity_mean": 4.5,
      "fit_iqr": 1.0,
      "redundancy_ratio": 0.25,
      "decision": "Retain",
      "reason": "fit_mean≥4 (4.33), IQR≤1 (1.00), clarity≥4 (4.50)",
      "n_raters": 12
    },
    {
      "item_id": "IT42",
      "item_text": "Urla o mi umilia di fronte ad altre persone",
      "dimension": "Emotional & Verbal Abuse",
      "fit_mean": 4.75,
      "clarity_mean": 4.917,
      "fit_iqr": 0.25,
      "redundancy_ratio": 0.083,
      "decision": "Retain",
      "reason": "fit_mean≥4 (4.75), IQR≤1 (0.25), clarity≥4 (4.92)",
      "n_raters": 12
    },
    {
      "item_id": "IT14",
      "item_text": "Mi sento giudicata rispetto alle cose che faccio e a come organizzo la mia vita",
      "dimension": "Emotional & Verbal Abuse",
      "fit_mean": 3.583,
      "clarity_mean": 4.0,
      "fit_iqr": 1.0,
      "redundancy_ratio": 0.417,
      "decision": "Revise",
      "reason": "fallback to majority recommendation",
      "n_raters": 12
    },
    {
      "item_id": "IT07",
      "item_text": "Non mi vuole bene per quella che sono e non rispetta le mie scelte",
      "dimension": "Emotional & Verbal Abuse",
      "fit_mean": 3.667,
      "clarity_mean": 3.833,
      "fit_iqr": 1.0,
      "redundancy_ratio": 0.417,
      "decision": "Revise",
      "reason": "clarity_mean=3.83 < 4.0",
      "n_raters": 12
    },
    {
      "item_id": "IT17",
      "item_text": "Non mi fa sentire bene quando parla di come mi prendo cura di me stessa e del mio aspetto fisico",
      "dimension": "Emotional & Verbal Abuse",
      "fit_mean": 4.083,
      "clarity_mean": 4.75,
      "fit_iqr": 0.0,
      "redundancy_ratio": 0.333,
      "decision": "Retain",
      "reason": "fit_mean≥4 (4.08), IQR≤1 (0.00), clarity≥4 (4.75)",
      "n_raters": 12
    },
    {
      "item_id": "IT40",
      "item_text": "Dopo che mi ha aggredito (fisicamente o verbalmente) nega di averlo fatto e mi fa dubitare che sia realmente successo.",
      "dimension": "Gaslighting & Manipulative Reality Distortion",
      "fit_mean": 5.0,
      "clarity_mean": 4.917,
      "fit_iqr": 0.0,
      "redundancy_ratio": 0.0,
      "decision": "Retain",
      "reason": "fit_mean≥4 (5.00), IQR≤1 (0.00), clarity≥4 (4.92)",
      "n_raters": 12
    },
    {
      "item_id": "IT28",
      "item_text": "Ha forti oscillazioni d'umore, il minuto prima si arrabbia e mi urla contro e quello successivo è dolce e si scusa",
      "dimension": "Gaslighting & Manipulative Reality Distortion",
      "fit_mean": 4.167,
      "clarity_mean": 4.5,
      "fit_iqr": 0.0,
      "redundancy_ratio": 0.0,
      "decision": "Retain",
      "reason": "fit_mean≥4 (4.17), IQR≤1 (0.00), clarity≥4 (4.50)",
      "n_raters": 12
    },
    {
      "item_id": "IT15",
      "item_text": "Quando faccio qualcosa che a lui non va bene poi non mi parla per giorni",
      "dimension": "Gaslighting & Manipulative Reality Distortion",
      "fit_mean": 4.083,
      "clarity_mean": 4.667,
      "fit_iqr": 0.0,
      "redundancy_ratio": 0.0,
      "decision": "Drop",
      "reason": "fit_mean≥4 (4.08), IQR≤1 (0.00), clarity≥4 (4.67); pairwise redundancy ≥0.50 vs IT28",
      "n_raters": 12
    },
    {
      "item_id": "IT04",
      "item_text": "Non si mostra interessato quando ho qualcosa che voglio condividere",
      "dimension": "Emotional Neglect & Lack of Support",
      "fit_mean": 4.667,
      "clarity_mean": 4.833,
      "fit_iqr": 1.0,
      "redundancy_ratio": 0.417,
      "decision": "Drop",
      "reason": "fit_mean≥4 (4.67), IQR≤1 (1.00), clarity≥4 (4.83); pairwise redundancy ≥0.50 vs IT03",
      "n_raters": 12
    },
    {
      "item_id": "IT03",
      "item_text": "Non mi sento ascoltata",
      "dimension": "Emotional Neglect & Lack of Support",
      "fit_mean": 4.75,
      "clarity_mean": 4.917,
      "fit_iqr": 0.25,
      "redundancy_ratio": 0.667,
      "decision": "Retain",
      "reason": "fit_mean≥4 (4.75), IQR≤1 (0.25), clarity≥4 (4.92)",
      "n_raters": 12
    },
    {
      "item_id": "IT02",
      "item_text": "Non mi incoraggia a provare nuove cose",
      "dimension": "Emotional Neglect & Lack of Support",
      "fit_mean": 4.25,
      "clarity_mean": 4.75,
      "fit_iqr": 1.0,
      "redundancy_ratio": 0.167,
      "decision": "Retain",
      "reason": "fit_mean≥4 (4.25), IQR≤1 (1.00), clarity≥4 (4.75)",
      "n_raters": 12
    },
    {
      "item_id": "IT01",
      "item_text": "Non sento di avere il suo sostegno nelle cose che faccio",
      "dimension": "Emotional Neglect & Lack of Support",
      "fit_mean": 4.5,
      "clarity_mean": 4.583,
      "fit_iqr": 1.0,
      "redundancy_ratio": 0.667,
      "decision": "Drop",
      "reason": "fit_mean≥4 (4.50), IQR≤1 (1.00), clarity≥4 (4.58); pairwise redundancy ≥0.50 vs IT03",
      "n_raters": 12
    },
    {
      "item_id": "IT08",
      "item_text": "Non sento che possiamo confrontarci e anche litigare senza farci male",
      "dimension": "Emotional Neglect & Lack of Support",
      "fit_mean": 4.083,
      "clarity_mean": 4.333,
      "fit_iqr": 0.0,
      "redundancy_ratio": 0.167,
      "decision": "Retain",
      "reason": "fit_mean≥4 (4.08), IQR≤1 (0.00), clarity≥4 (4.33)",
      "n_raters": 12
    },
    {
      "item_id": "IT29",
      "item_text": "In sua compagnia mi capita di sentirmi a disagio e ho la sensazione di dover stare attenta a ciò che dico o a ciò che faccio, come se dovessi “camminare sulle uova” per evitare sue reazioni negative",
      "dimension": "Subjective Experience of Fear & Discomfort",
      "fit_mean": 5.0,
      "clarity_mean": 4.833,
      "fit_iqr": 0.0,
      "redundancy_ratio": 0.417,
      "decision": "Retain",
      "reason": "fit_mean≥4 (5.00), IQR≤1 (0.00), clarity≥4 (4.83)",
      "n_raters": 12
    },
    {
      "item_id": "IT18",
      "item_text": "Provo paura vicino a lui, non mi sento al sicuro",
      "dimension": "Subjective Experience of Fear & Discomfort",
      "fit_mean": 4.917,
      "clarity_mean": 5.0,
      "fit_iqr": 0.0,
      "redundancy_ratio": 0.75,
      "decision": "Retain",
      "reason": "fit_mean≥4 (4.92), IQR≤1 (0.00), clarity≥4 (5.00); pairwise redundancy ≥0.50 vs IT29; undropped (strong) for coverage safeguard",
      "n_raters": 12
    },
    {
      "item_id": "IT44",
      "item_text": "Ho paura di vederlo perché so che potrebbe avere comportamenti che mi possono fare stare male o sentire in imbarazzo",
      "dimension": "Subjective Experience of Fear & Discomfort",
      "fit_mean": 4.25,
      "clarity_mean": 4.583,
      "fit_iqr": 0.25,
      "redundancy_ratio": 0.583,
      "decision": "Drop",
      "reason": "fit_mean≥4 (4.25), IQR≤1 (0.25), clarity≥4 (4.58); pairwise redundancy ≥0.50 vs IT29",
      "n_raters": 12
    },
    {
      "item_id": "IT09",
      "item_text": "In sua compagnia non mi sento a mio agio e al sicuro",
      "dimension": "Subjective Experience of Fear & Discomfort",
      "fit_mean": 4.667,
      "clarity_mean": 4.667,
      "fit_iqr": 1.0,
      "redundancy_ratio": 1.0,
      "decision": "Drop",
      "reason": "fit_mean≥4 (4.67), IQR≤1 (1.00), clarity≥4 (4.67); pairwise redundancy ≥0.50 vs IT29",
      "n_raters": 12
    },
    {
      "item_id": "IT19",
      "item_text": "Sento disagio o non voglio fare qualcosa ma lo nascondo per paura che si arrabbi",
      "dimension": "Subjective Experience of Fear & Discomfort",
      "fit_mean": 4.25,
      "clarity_mean": 4.583,
      "fit_iqr": 0.25,
      "redundancy_ratio": 0.333,
      "decision": "Drop",
      "reason": "fit_mean≥4 (4.25), IQR≤1 (0.25), clarity≥4 (4.58); pairwise redundancy ≥0.50 vs IT29",
      "n_raters": 12
    },
    {
      "item_id": "IT10",
      "item_text": "I miei amici/amiche mi hanno fatto notare che non piace loro come si comporta con me",
      "dimension": "External Awareness & Absence of Healthy Relational Markers",
      "fit_mean": 4.667,
      "clarity_mean": 4.917,
      "fit_iqr": 1.0,
      "redundancy_ratio": 0.75,
      "decision": "Drop",
      "reason": "fit_mean≥4 (4.67), IQR≤1 (1.00), clarity≥4 (4.92); pairwise redundancy ≥0.50 vs IT20",
      "n_raters": 12
    },
    {
      "item_id": "IT20",
      "item_text": "Le mie amiche o la mia famiglia sono preoccupate per me",
      "dimension": "External Awareness & Absence of Healthy Relational Markers",
      "fit_mean": 4.833,
      "clarity_mean": 5.0,
      "fit_iqr": 0.0,
      "redundancy_ratio": 0.833,
      "decision": "Retain",
      "reason": "fit_mean≥4 (4.83), IQR≤1 (0.00), clarity≥4 (5.00)",
      "n_raters": 12
    },
    {
      "item_id": "IT45",
      "item_text": "Sento di potergli parlare di qualsiasi cosa",
      "dimension": "External Awareness & Absence of Healthy Relational Markers",
      "fit_mean": 4.083,
      "clarity_mean": 4.333,
      "fit_iqr": 1.25,
      "redundancy_ratio": 0.0,
      "decision": "Retain",
      "reason": "fit_IQR=1.25 > 1.0; promoted for coverage safeguard",
      "n_raters": 12
    }
  ]
}