{
  "dimensions": [
    {
      "name": "Coercive Control & Monitoring",
      "definition": "This dimension captures a pervasive pattern of behaviors aimed at systematically eroding the individual's autonomy, freedom, and sense of self. It includes surveillance, restriction of personal choices, and the creation of a climate of fear and self-censorship, all designed to maintain power and control. Psycholinguistically, it's marked by verbs of restriction and surveillance. Clinically, these behaviors foster dependency and hypervigilance, contributing to chronic anxiety and attachment insecurity.",
      "items": [
        {
          "id": "IT23",
          "text": "Mi sento controllata, ho la sensazione che non si fidi di me e che voglia sapere sempre dove sono e con chi, me lo chiede continuamente"
        },
        {
          "id": "IT25",
          "text": "Cerca di controllare ciò che faccio e con chi mi vedo"
        },
        {
          "id": "IT15",
          "text": "Sento che mi manda troppo messaggi o mi chiama in modo insistente"
        },
        {
          "id": "IT24",
          "text": "Non mi sento libera di vestirmi come voglio"
        },
        {
          "id": "IT20",
          "text": "Pretende prove d'amore e dimostrazioni di fedeltà nei suoi confronti"
        },
        {
          "id": "IT12",
          "text": "Dice che sono impegnata in troppe cose e che lo trascuro, vorrebbe che passassimo la maggior parte del tempo insieme"
        },
        {
          "id": "IT28",
          "text": "In sua compagnia mi capita di sentirsi a disagio e ho la sensazione di dover stare attenta a ciò che dico o a ciò che faccio, come se dovessi “camminare sulle uova” per evitare sue reazioni negative"
        },
        {
          "id": "IT18",
          "text": "Sento disagio o non voglio fare qualcosa ma lo nascondo per paura che si arrabbi"
        }
      ]
    },
    {
      "name": "Emotional & Psychological Abuse",
      "definition": "This dimension encompasses behaviors that systematically undermine an individual's self-worth, manipulate their emotions, and distort their perception of reality. It includes verbal abuse, criticism, humiliation, gaslighting, and the disorienting effect of mood swings and silent treatment. Psycholinguistically, it features lexical elements of devaluation and negation. Clinically, these patterns disrupt secure attachment and perpetuate cycles of self-doubt and emotional dysregulation.",
      "items": [
        {
          "id": "IT31",
          "text": "Mi dice che non valgo niente e che resterei sola se non stessi con lui perché nessuno mi vorrebbe"
        },
        {
          "id": "IT30",
          "text": "Mi fa sentire spesso sbagliata e mi dice che è colpa mia se sta male"
        },
        {
          "id": "IT29",
          "text": "Mi butta giù, mi insulta o mi critica"
        },
        {
          "id": "IT41",
          "text": "Urla o mi umilia di fronte ad altre persone"
        },
        {
          "id": "IT13",
          "text": "Mi sento giudicata rispetto alle cose che faccio e a come organizzo la mia vita"
        },
        {
          "id": "IT16",
          "text": "Non mi fa sentire bene quando parla di come mi prendo cura di me stessa e del mio aspetto fisico"
        },
        {
          "id": "IT27",
          "text": "Ha forti oscillazioni d'umore, il minuto prima si arrabbia e mi urla contro e quello successivo è dolce e si scusa"
        },
        {
          "id": "IT39",
          "text": "Dopo che mi ha aggredito (fisicamente o verbalmente) nega di averlo fatto e mi fa dubitare che sia realmente successo."
        },
        {
          "id": "IT14",
          "text": "Quando faccio qualcosa che a lui non va bene poi non mi parla per giorni"
        }
      ]
    },
    {
      "name": "Social Isolation & Jealousy",
      "definition": "This dimension captures deliberate efforts to cut off the victim from their support networks, often fueled by intense possessiveness and unfounded accusations of infidelity. Psycholinguistically, it is characterized by possessive and accusatory language. Clinically, such isolation exacerbates loneliness and weakens external buffers against abuse.",
      "items": [
        {
          "id": "IT11",
          "text": "Mi chiede di non vedere i miei amici/amiche"
        },
        {
          "id": "IT26",
          "text": "Non vuole che io veda la mia famiglia, i miei amici/amiche"
        },
        {
          "id": "IT10",
          "text": "Parla male delle mie amici/amiche e dice che sono dei/delle “poco di buono”"
        },
        {
          "id": "IT21",
          "text": "Diventa estremamente geloso o possessivo"
        },
        {
          "id": "IT22",
          "text": "Mi accusa di flirtare o di tradirlo"
        }
      ]
    },
    {
      "name": "Threats & Intimidation",
      "definition": "This dimension encompasses behaviors designed to instill fear and compliance through explicit or implicit threats of harm (physical, self-harm), destruction of property, or exposure of private information. Psycholinguistically, it employs threat-oriented nouns and verbs. Clinically, these behaviors exploit vulnerabilities and can lead to PTSD and hyperarousal.",
      "items": [
        {
          "id": "IT35",
          "text": "Minaccia di fare del male a me, ai miei amici/amiche o alla mia famiglia"
        },
        {
          "id": "IT36",
          "text": "Minaccia di farsi del male a causa mia"
        },
        {
          "id": "IT37",
          "text": "Minacce di distruggere le mie cose (telefono, vestiti, computer, auto, ecc.)"
        },
        {
          "id": "IT40",
          "text": "Rompe e lancia oggetti per intimidirmi"
        },
        {
          "id": "IT34",
          "text": "Mi dice che, se lo lasciassi, rivelerebbe ad altri dei miei segreti o delle cose molto personali che sa di me"
        },
        {
          "id": "IT33",
          "text": "Minaccia di mostrare ai miei amici o ai miei familiari mie immagini intime"
        }
      ]
    },
    {
      "name": "Physical Violence",
      "definition": "This dimension represents direct acts of physical aggression and violence. It captures behaviors that directly inflict bodily harm or threaten physical integrity, representing the most overt and dangerous forms of abuse. Psycholinguistically, explicit physical descriptors convey immediate harm. Clinically, such violence poses immediate threats to safety and often results in trauma-related affective disorders.",
      "items": [
        {
          "id": "IT38",
          "text": "Mi afferra per i capelli, mi strattona, mi mette le mani al collo, tenta di soffocarmi, mi dà dei pugni, mi schiaffeggia, mi getta addosso degli oggetti o mi fa male in qualche modo"
        }
      ]
    },
    {
      "name": "Sexual Coercion",
      "definition": "This dimension specifically addresses the pressure and lack of consent related to sexual activity and the non-consensual distribution of intimate images. It represents a severe violation of bodily autonomy and sexual rights. Psycholinguistically, it is defined by insistent and non-consensual language. Clinically, it is linked to trauma and affective dysregulation, fostering shame and anxiety.",
      "items": [
        {
          "id": "IT42",
          "text": "Mi chiede insistentemente di fare sesso e non accetta quando dico di no o che non mi va"
        },
        {
          "id": "IT32",
          "text": "Ha mostrato mie immagini intime ad altre persone senza il mio consenso"
        }
      ]
    },
    {
      "name": "Impact & External Concern",
      "definition": "This dimension captures the direct emotional and psychological consequences experienced by the individual due to the relationship dynamics, as well as the recognition of problematic behavior by external parties. It reflects the pervasive sense of fear, insecurity, and the validation of concern from the victim's social circle, highlighting the real-world effects of the abuse. Psycholinguistically, it uses subjective expressions of fear and concern. Clinically, it highlights the emotional toll and the role of social support in intervention.",
      "items": [
        {
          "id": "IT43",
          "text": "Ho paura di vederlo perché so che potrebbe avere comportamenti che mi possono fare stare male o sentire in imbarazzo"
        },
        {
          "id": "IT17",
          "text": "Provo paura vicino a lui, non mi sento al sicuro"
        },
        {
          "id": "IT19",
          "text": "Le mie amiche o la mia famiglia sono preoccupate per me"
        },
        {
          "id": "IT09",
          "text": "I miei amici/amiche mi hanno fatto notare che non piace loro come si comporta con me"
        }
      ]
    },
    {
      "name": "Healthy Relationship Indicators",
      "definition": "This dimension serves as a crucial contrast to the abuse dimensions, capturing the characteristics of a positive, supportive, and respectful relationship. These items describe mutual respect, open communication, personal autonomy, emotional security, and encouragement, which are fundamental for a healthy partnership. Psycholinguistically, affirming verbs and adjectives evoke trust and empowerment. Clinically, these behaviors reflect secure attachment and serve as protective factors.",
      "items": [
        {
          "id": "IT44",
          "text": "Sento di potergli parlare di qualsiasi cosa"
        },
        {
          "id": "IT02",
          "text": "Mi incoraggia a provare nuove cose"
        },
        {
          "id": "IT06",
          "text": "Mi vuole bene per quella che sono e rispetta le mie scelte"
        },
        {
          "id": "IT08",
          "text": "In sua compagnia mi sento a mio agio e al sicuro"
        },
        {
          "id": "IT03",
          "text": "Mi sento ascoltata e si mostra interessato quando ho qualcosa che voglio condividere"
        },
        {
          "id": "IT01",
          "text": "Sento il suo sostegno nelle cose che faccio"
        },
        {
          "id": "IT04",
          "text": "Capisce che ho bisogno anche di miei spazi personali e comprende che ci sono momenti in cui mi piace stare da sola o con persone diverse da lui (amici/amiche, familiari ecc.)"
        },
        {
          "id": "IT05",
          "text": "Mi fa sentire libera di fare le mie scelte su come gestire il mio tempo"
        },
        {
          "id": "IT07",
          "text": "Sento che possiamo confrontarci e anche litigare senza farci male"
        }
      ]
    }
  ]
}