{
  "items": [
    {
      "item_id": "IT25",
      "item_text": "Cerca di controllare ciò che faccio e con chi mi vedo",
      "dimension": "Coercive Control and Surveillance",
      "fit_mean": 4.909,
      "clarity_mean": 5.0,
      "fit_iqr": 0.0,
      "redundancy_ratio": 0.364,
      "decision": "Drop",
      "reason": "fit_mean≥4 (4.91), IQR≤1 (0.00), clarity≥4 (5.00); pairwise redundancy ≥0.50 vs IT23",
      "n_raters": 11
    },
    {
      "item_id": "IT23",
      "item_text": "Mi sento controllata, ho la sensazione che non si fidi di me e che voglia sapere sempre dove sono e con chi, me lo chiede continuamente",
      "dimension": "Coercive Control and Surveillance",
      "fit_mean": 5.0,
      "clarity_mean": 4.273,
      "fit_iqr": 0.0,
      "redundancy_ratio": 0.727,
      "decision": "Retain",
      "reason": "fit_mean≥4 (5.00), IQR≤1 (0.00), clarity≥4 (4.27)",
      "n_raters": 11
    },
    {
      "item_id": "IT15",
      "item_text": "Sento che mi manda troppi messaggi o mi chiama in modo insistente",
      "dimension": "Coercive Control and Surveillance",
      "fit_mean": 4.091,
      "clarity_mean": 5.0,
      "fit_iqr": 0.0,
      "redundancy_ratio": 0.545,
      "decision": "Drop",
      "reason": "fit_mean≥4 (4.09), IQR≤1 (0.00), clarity≥4 (5.00); pairwise redundancy ≥0.50 vs IT23",
      "n_raters": 11
    },
    {
      "item_id": "IT45",
      "item_text": "Controlla come spendo i miei soldi",
      "dimension": "Coercive Control and Surveillance",
      "fit_mean": 5.0,
      "clarity_mean": 5.0,
      "fit_iqr": 0.0,
      "redundancy_ratio": 0.545,
      "decision": "Retain",
      "reason": "fit_mean≥4 (5.00), IQR≤1 (0.00), clarity≥4 (5.00)",
      "n_raters": 11
    },
    {
      "item_id": "IT47",
      "item_text": "Mi viene chiesto di giustificare ogni acquisto che faccio",
      "dimension": "Coercive Control and Surveillance",
      "fit_mean": 4.636,
      "clarity_mean": 5.0,
      "fit_iqr": 1.0,
      "redundancy_ratio": 0.909,
      "decision": "Drop",
      "reason": "fit_mean≥4 (4.64), IQR≤1 (1.00), clarity≥4 (5.00); pairwise redundancy ≥0.50 vs IT45",
      "n_raters": 11
    },
    {
      "item_id": "IT46",
      "item_text": "Mi impedisce di avere accesso al conto corrente o alle mie risorse economiche",
      "dimension": "Coercive Control and Surveillance",
      "fit_mean": 5.0,
      "clarity_mean": 5.0,
      "fit_iqr": 0.0,
      "redundancy_ratio": 0.182,
      "decision": "Retain",
      "reason": "fit_mean≥4 (5.00), IQR≤1 (0.00), clarity≥4 (5.00)",
      "n_raters": 11
    },
    {
      "item_id": "IT48",
      "item_text": "Mi impedisce cercare un lavoro per essere indipendente",
      "dimension": "Coercive Control and Surveillance",
      "fit_mean": 4.909,
      "clarity_mean": 5.0,
      "fit_iqr": 0.0,
      "redundancy_ratio": 0.091,
      "decision": "Retain",
      "reason": "fit_mean≥4 (4.91), IQR≤1 (0.00), clarity≥4 (5.00)",
      "n_raters": 11
    },
    {
      "item_id": "IT20",
      "item_text": "Pretende prove d'amore e dimostrazioni di fedeltà nei suoi confronti",
      "dimension": "Coercive Control and Surveillance",
      "fit_mean": 3.545,
      "clarity_mean": 4.455,
      "fit_iqr": 1.0,
      "redundancy_ratio": 0.0,
      "decision": "Revise",
      "reason": "fallback to majority recommendation",
      "n_raters": 11
    },
    {
      "item_id": "IT21",
      "item_text": "Diventa estremamente geloso o possessivo",
      "dimension": "Coercive Control and Surveillance",
      "fit_mean": 3.545,
      "clarity_mean": 5.0,
      "fit_iqr": 1.0,
      "redundancy_ratio": 0.364,
      "decision": "Revise",
      "reason": "fallback to majority recommendation",
      "n_raters": 11
    },
    {
      "item_id": "IT30",
      "item_text": "Mi fa sentire spesso sbagliata e mi dice che è colpa mia se sta male",
      "dimension": "Emotional Abuse and Psychological Manipulation",
      "fit_mean": 5.0,
      "clarity_mean": 5.0,
      "fit_iqr": 0.0,
      "redundancy_ratio": 0.0,
      "decision": "Retain",
      "reason": "fit_mean≥4 (5.00), IQR≤1 (0.00), clarity≥4 (5.00)",
      "n_raters": 11
    },
    {
      "item_id": "IT29",
      "item_text": "Mi butta giù, mi insulta o mi critica",
      "dimension": "Emotional Abuse and Psychological Manipulation",
      "fit_mean": 5.0,
      "clarity_mean": 4.909,
      "fit_iqr": 0.0,
      "redundancy_ratio": 0.455,
      "decision": "Drop",
      "reason": "fit_mean≥4 (5.00), IQR≤1 (0.00), clarity≥4 (4.91); pairwise redundancy ≥0.50 vs IT31",
      "n_raters": 11
    },
    {
      "item_id": "IT31",
      "item_text": "Mi dice che non valgo niente e che resterei sola se non stessi con lui perché nessuno mi vorrebbe",
      "dimension": "Emotional Abuse and Psychological Manipulation",
      "fit_mean": 5.0,
      "clarity_mean": 5.0,
      "fit_iqr": 0.0,
      "redundancy_ratio": 0.455,
      "decision": "Retain",
      "reason": "fit_mean≥4 (5.00), IQR≤1 (0.00), clarity≥4 (5.00)",
      "n_raters": 11
    },
    {
      "item_id": "IT16",
      "item_text": "Non mi fa sentire bene quando parla di come mi prendo cura di me stessa e del mio aspetto fisico",
      "dimension": "Emotional Abuse and Psychological Manipulation",
      "fit_mean": 4.091,
      "clarity_mean": 4.273,
      "fit_iqr": 0.0,
      "redundancy_ratio": 0.0,
      "decision": "Retain",
      "reason": "fit_mean≥4 (4.09), IQR≤1 (0.00), clarity≥4 (4.27)",
      "n_raters": 11
    },
    {
      "item_id": "IT13",
      "item_text": "Mi sento giudicata rispetto alle cose che faccio e a come organizzo la mia vita",
      "dimension": "Emotional Abuse and Psychological Manipulation",
      "fit_mean": 4.091,
      "clarity_mean": 4.091,
      "fit_iqr": 0.0,
      "redundancy_ratio": 0.182,
      "decision": "Retain",
      "reason": "fit_mean≥4 (4.09), IQR≤1 (0.00), clarity≥4 (4.09)",
      "n_raters": 11
    },
    {
      "item_id": "IT41",
      "item_text": "Urla o mi umilia di fronte ad altre persone",
      "dimension": "Emotional Abuse and Psychological Manipulation",
      "fit_mean": 5.0,
      "clarity_mean": 5.0,
      "fit_iqr": 0.0,
      "redundancy_ratio": 0.0,
      "decision": "Retain",
      "reason": "fit_mean≥4 (5.00), IQR≤1 (0.00), clarity≥4 (5.00)",
      "n_raters": 11
    },
    {
      "item_id": "IT39",
      "item_text": "Dopo che mi ha aggredito (fisicamente o verbalmente) nega di averlo fatto e mi fa dubitare che sia realmente successo.",
      "dimension": "Emotional Abuse and Psychological Manipulation",
      "fit_mean": 5.0,
      "clarity_mean": 4.909,
      "fit_iqr": 0.0,
      "redundancy_ratio": 0.0,
      "decision": "Retain",
      "reason": "fit_mean≥4 (5.00), IQR≤1 (0.00), clarity≥4 (4.91)",
      "n_raters": 11
    },
    {
      "item_id": "IT27",
      "item_text": "Ha forti oscillazioni d'umore, il minuto prima si arrabbia e mi urla contro e quello successivo è dolce e si scusa",
      "dimension": "Emotional Abuse and Psychological Manipulation",
      "fit_mean": 4.455,
      "clarity_mean": 4.636,
      "fit_iqr": 1.0,
      "redundancy_ratio": 0.0,
      "decision": "Retain",
      "reason": "fit_mean≥4 (4.45), IQR≤1 (1.00), clarity≥4 (4.64)",
      "n_raters": 11
    },
    {
      "item_id": "IT14",
      "item_text": "Quando faccio qualcosa che a lui non va bene poi non mi parla per giorni",
      "dimension": "Emotional Abuse and Psychological Manipulation",
      "fit_mean": 4.455,
      "clarity_mean": 5.0,
      "fit_iqr": 1.0,
      "redundancy_ratio": 0.0,
      "decision": "Retain",
      "reason": "fit_mean≥4 (4.45), IQR≤1 (1.00), clarity≥4 (5.00)",
      "n_raters": 11
    },
    {
      "item_id": "IT11",
      "item_text": "Mi chiede di non vedere i miei amici/amiche",
      "dimension": "Isolation and Social Interference",
      "fit_mean": 5.0,
      "clarity_mean": 5.0,
      "fit_iqr": 0.0,
      "redundancy_ratio": 0.818,
      "decision": "Drop",
      "reason": "fit_mean≥4 (5.00), IQR≤1 (0.00), clarity≥4 (5.00); pairwise redundancy ≥0.50 vs IT26",
      "n_raters": 11
    },
    {
      "item_id": "IT26",
      "item_text": "Non vuole che io veda la mia famiglia, i miei amici/amiche",
      "dimension": "Isolation and Social Interference",
      "fit_mean": 5.0,
      "clarity_mean": 5.0,
      "fit_iqr": 0.0,
      "redundancy_ratio": 0.727,
      "decision": "Retain",
      "reason": "fit_mean≥4 (5.00), IQR≤1 (0.00), clarity≥4 (5.00)",
      "n_raters": 11
    },
    {
      "item_id": "IT10",
      "item_text": "Parla male delle mie amici/amiche e dice che sono dei/delle “poco di buono”",
      "dimension": "Isolation and Social Interference",
      "fit_mean": 4.818,
      "clarity_mean": 4.909,
      "fit_iqr": 0.0,
      "redundancy_ratio": 0.182,
      "decision": "Retain",
      "reason": "fit_mean≥4 (4.82), IQR≤1 (0.00), clarity≥4 (4.91)",
      "n_raters": 11
    },
    {
      "item_id": "IT12",
      "item_text": "Dice che sono impegnata in troppe cose e che lo trascuro, vorrebbe che passassimo la maggior parte del tempo insieme",
      "dimension": "Isolation and Social Interference",
      "fit_mean": 4.0,
      "clarity_mean": 4.364,
      "fit_iqr": 0.0,
      "redundancy_ratio": 0.091,
      "decision": "Retain",
      "reason": "fit_mean≥4 (4.00), IQR≤1 (0.00), clarity≥4 (4.36)",
      "n_raters": 11
    },
    {
      "item_id": "IT38",
      "item_text": "Mi afferra per i capelli, mi strattona, mi mette le mani al collo, tenta di soffocarmi, mi dà dei pugni, mi schiaffeggia, mi getta addosso degli oggetti o mi fa male in qualche modo",
      "dimension": "Physical and Sexual Violence",
      "fit_mean": 5.0,
      "clarity_mean": 4.818,
      "fit_iqr": 0.0,
      "redundancy_ratio": 0.0,
      "decision": "Retain",
      "reason": "fit_mean≥4 (5.00), IQR≤1 (0.00), clarity≥4 (4.82)",
      "n_raters": 11
    },
    {
      "item_id": "IT42",
      "item_text": "Mi chiede insistentemente di fare sesso e non accetta quando dico di no o che non mi va",
      "dimension": "Physical and Sexual Violence",
      "fit_mean": 5.0,
      "clarity_mean": 5.0,
      "fit_iqr": 0.0,
      "redundancy_ratio": 0.0,
      "decision": "Retain",
      "reason": "fit_mean≥4 (5.00), IQR≤1 (0.00), clarity≥4 (5.00)",
      "n_raters": 11
    },
    {
      "item_id": "IT32",
      "item_text": "Ha mostrato mie immagini intime ad altre persone senza il mio consenso",
      "dimension": "Physical and Sexual Violence",
      "fit_mean": 5.0,
      "clarity_mean": 5.0,
      "fit_iqr": 0.0,
      "redundancy_ratio": 0.182,
      "decision": "Retain",
      "reason": "fit_mean≥4 (5.00), IQR≤1 (0.00), clarity≥4 (5.00)",
      "n_raters": 11
    },
    {
      "item_id": "IT33",
      "item_text": "Minaccia di mostrare ai miei amici o ai miei familiari mie immagini intime",
      "dimension": "Physical and Sexual Violence",
      "fit_mean": 4.818,
      "clarity_mean": 5.0,
      "fit_iqr": 0.0,
      "redundancy_ratio": 0.545,
      "decision": "Drop",
      "reason": "fit_mean≥4 (4.82), IQR≤1 (0.00), clarity≥4 (5.00); pairwise redundancy ≥0.50 vs IT32",
      "n_raters": 11
    },
    {
      "item_id": "IT40",
      "item_text": "Rompe e lancia oggetti per intimidirmi",
      "dimension": "Intimidation and Coercive Threats",
      "fit_mean": 4.909,
      "clarity_mean": 5.0,
      "fit_iqr": 0.0,
      "redundancy_ratio": 0.091,
      "decision": "Retain",
      "reason": "fit_mean≥4 (4.91), IQR≤1 (0.00), clarity≥4 (5.00)",
      "n_raters": 11
    },
    {
      "item_id": "IT35",
      "item_text": "Minaccia di fare del male a me, ai miei amici/amiche o alla mia famiglia",
      "dimension": "Intimidation and Coercive Threats",
      "fit_mean": 5.0,
      "clarity_mean": 5.0,
      "fit_iqr": 0.0,
      "redundancy_ratio": 0.0,
      "decision": "Retain",
      "reason": "fit_mean≥4 (5.00), IQR≤1 (0.00), clarity≥4 (5.00)",
      "n_raters": 11
    },
    {
      "item_id": "IT36",
      "item_text": "Minaccia di farsi del male a causa mia",
      "dimension": "Intimidation and Coercive Threats",
      "fit_mean": 4.727,
      "clarity_mean": 4.909,
      "fit_iqr": 0.5,
      "redundancy_ratio": 0.091,
      "decision": "Retain",
      "reason": "fit_mean≥4 (4.73), IQR≤1 (0.50), clarity≥4 (4.91)",
      "n_raters": 11
    },
    {
      "item_id": "IT37",
      "item_text": "Minacce di distruggere le mie cose (telefono, vestiti, computer, auto, ecc.)",
      "dimension": "Intimidation and Coercive Threats",
      "fit_mean": 4.818,
      "clarity_mean": 5.0,
      "fit_iqr": 0.0,
      "redundancy_ratio": 0.364,
      "decision": "Drop",
      "reason": "fit_mean≥4 (4.82), IQR≤1 (0.00), clarity≥4 (5.00); pairwise redundancy ≥0.50 vs IT40",
      "n_raters": 11
    },
    {
      "item_id": "IT34",
      "item_text": "Mi dice che, se lo lasciassi, rivelerebbe ad altri dei miei segreti o delle cose molto personali che sa di me",
      "dimension": "Intimidation and Coercive Threats",
      "fit_mean": 4.818,
      "clarity_mean": 5.0,
      "fit_iqr": 0.0,
      "redundancy_ratio": 0.091,
      "decision": "Retain",
      "reason": "fit_mean≥4 (4.82), IQR≤1 (0.00), clarity≥4 (5.00)",
      "n_raters": 11
    },
    {
      "item_id": "IT44",
      "item_text": "Sento di potergli parlare di qualsiasi cosa",
      "dimension": "Healthy Relationship Dynamics",
      "fit_mean": 5.0,
      "clarity_mean": 5.0,
      "fit_iqr": 0.0,
      "redundancy_ratio": 0.182,
      "decision": "Retain",
      "reason": "fit_mean≥4 (5.00), IQR≤1 (0.00), clarity≥4 (5.00)",
      "n_raters": 11
    },
    {
      "item_id": "IT7",
      "item_text": "",
      "dimension": "Healthy Relationship Dynamics",
      "fit_mean": 5.0,
      "clarity_mean": 5.0,
      "fit_iqr": 0.0,
      "redundancy_ratio": 0.0,
      "decision": "Retain",
      "reason": "fit_mean≥4 (5.00), IQR≤1 (0.00), clarity≥4 (5.00)",
      "n_raters": 11
    },
    {
      "item_id": "IT6",
      "item_text": "",
      "dimension": "Healthy Relationship Dynamics",
      "fit_mean": 5.0,
      "clarity_mean": 5.0,
      "fit_iqr": 0.0,
      "redundancy_ratio": 0.091,
      "decision": "Retain",
      "reason": "fit_mean≥4 (5.00), IQR≤1 (0.00), clarity≥4 (5.00)",
      "n_raters": 11
    },
    {
      "item_id": "IT4",
      "item_text": "",
      "dimension": "Healthy Relationship Dynamics",
      "fit_mean": 5.0,
      "clarity_mean": 5.0,
      "fit_iqr": 0.0,
      "redundancy_ratio": 0.182,
      "decision": "Retain",
      "reason": "fit_mean≥4 (5.00), IQR≤1 (0.00), clarity≥4 (5.00)",
      "n_raters": 11
    },
    {
      "item_id": "IT1",
      "item_text": "",
      "dimension": "Healthy Relationship Dynamics",
      "fit_mean": 5.0,
      "clarity_mean": 4.909,
      "fit_iqr": 0.0,
      "redundancy_ratio": 0.091,
      "decision": "Retain",
      "reason": "fit_mean≥4 (5.00), IQR≤1 (0.00), clarity≥4 (4.91)",
      "n_raters": 11
    },
    {
      "item_id": "IT5",
      "item_text": "",
      "dimension": "Healthy Relationship Dynamics",
      "fit_mean": 4.818,
      "clarity_mean": 5.0,
      "fit_iqr": 0.0,
      "redundancy_ratio": 0.636,
      "decision": "Drop",
      "reason": "fit_mean≥4 (4.82), IQR≤1 (0.00), clarity≥4 (5.00); pairwise redundancy ≥0.50 vs IT4",
      "n_raters": 11
    },
    {
      "item_id": "IT3",
      "item_text": "",
      "dimension": "Healthy Relationship Dynamics",
      "fit_mean": 5.0,
      "clarity_mean": 5.0,
      "fit_iqr": 0.0,
      "redundancy_ratio": 0.273,
      "decision": "Drop",
      "reason": "fit_mean≥4 (5.00), IQR≤1 (0.00), clarity≥4 (5.00); pairwise redundancy ≥0.50 vs IT44",
      "n_raters": 11
    },
    {
      "item_id": "IT8",
      "item_text": "",
      "dimension": "Healthy Relationship Dynamics",
      "fit_mean": 5.0,
      "clarity_mean": 5.0,
      "fit_iqr": 0.0,
      "redundancy_ratio": 0.182,
      "decision": "Retain",
      "reason": "fit_mean≥4 (5.00), IQR≤1 (0.00), clarity≥4 (5.00)",
      "n_raters": 11
    },
    {
      "item_id": "IT2",
      "item_text": "",
      "dimension": "Healthy Relationship Dynamics",
      "fit_mean": 4.818,
      "clarity_mean": 5.0,
      "fit_iqr": 0.0,
      "redundancy_ratio": 0.091,
      "decision": "Retain",
      "reason": "fit_mean≥4 (4.82), IQR≤1 (0.00), clarity≥4 (5.00)",
      "n_raters": 11
    },
    {
      "item_id": "IT19",
      "item_text": "Le mie amiche o la mia famiglia sono preoccupate per me",
      "dimension": "External Validation of Concern",
      "fit_mean": 5.0,
      "clarity_mean": 5.0,
      "fit_iqr": 0.0,
      "redundancy_ratio": 0.182,
      "decision": "Retain",
      "reason": "fit_mean≥4 (5.00), IQR≤1 (0.00), clarity≥4 (5.00)",
      "n_raters": 11
    },
    {
      "item_id": "IT9",
      "item_text": "",
      "dimension": "External Validation of Concern",
      "fit_mean": 4.818,
      "clarity_mean": 5.0,
      "fit_iqr": 0.0,
      "redundancy_ratio": 0.636,
      "decision": "Retain",
      "reason": "fit_mean≥4 (4.82), IQR≤1 (0.00), clarity≥4 (5.00); pairwise redundancy ≥0.50 vs IT19; undropped (strong) for coverage safeguard",
      "n_raters": 11
    }
  ]
}