{
  "items": [
    {
      "item_id": "IT30",
      "item_text": "Mi butta giù di morale, mi insulta o mi critica",
      "dimension": "Emotional Abuse",
      "fit_mean": 5.0,
      "clarity_mean": 5.0,
      "fit_iqr": 0.0,
      "redundancy_ratio": 0.091,
      "decision": "Retain",
      "reason": "fit_mean≥4 (5.00), IQR≤1 (0.00), clarity≥4 (5.00)",
      "n_raters": 11
    },
    {
      "item_id": "IT31",
      "item_text": "Mi fa sentire spesso sbagliata e mi dice che è colpa mia se sta male",
      "dimension": "Emotional Abuse",
      "fit_mean": 4.909,
      "clarity_mean": 4.909,
      "fit_iqr": 0.0,
      "redundancy_ratio": 0.273,
      "decision": "Retain",
      "reason": "fit_mean≥4 (4.91), IQR≤1 (0.00), clarity≥4 (4.91); pairwise redundancy ≥0.50 vs IT30; undropped (strong) for coverage safeguard",
      "n_raters": 11
    },
    {
      "item_id": "IT14",
      "item_text": "Mi sento giudicata rispetto alle cose che faccio e a come organizzo la mia vita",
      "dimension": "Emotional Abuse",
      "fit_mean": 3.909,
      "clarity_mean": 4.182,
      "fit_iqr": 0.0,
      "redundancy_ratio": 0.273,
      "decision": "Drop",
      "reason": "fallback to majority recommendation; pairwise redundancy ≥0.50 vs IT30",
      "n_raters": 11
    },
    {
      "item_id": "IT17",
      "item_text": "Non mi fa sentire bene quando parla di come mi prendo cura di me stessa e del mio aspetto fisico",
      "dimension": "Emotional Abuse",
      "fit_mean": 3.818,
      "clarity_mean": 4.545,
      "fit_iqr": 0.0,
      "redundancy_ratio": 0.364,
      "decision": "Drop",
      "reason": "fallback to majority recommendation; pairwise redundancy ≥0.50 vs IT30",
      "n_raters": 11
    },
    {
      "item_id": "IT24",
      "item_text": "Mi sento controllata, ho la sensazione che non si fidi di me e che voglia sapere sempre dove sono e con chi, me lo chiede continuamente",
      "dimension": "Control and Manipulation",
      "fit_mean": 5.0,
      "clarity_mean": 4.909,
      "fit_iqr": 0.0,
      "redundancy_ratio": 0.636,
      "decision": "Retain",
      "reason": "fit_mean≥4 (5.00), IQR≤1 (0.00), clarity≥4 (4.91)",
      "n_raters": 11
    },
    {
      "item_id": "IT26",
      "item_text": "Cerca di controllare ciò che faccio e con chi mi vedo",
      "dimension": "Control and Manipulation",
      "fit_mean": 4.727,
      "clarity_mean": 4.818,
      "fit_iqr": 0.0,
      "redundancy_ratio": 0.818,
      "decision": "Drop",
      "reason": "fit_mean≥4 (4.73), IQR≤1 (0.00), clarity≥4 (4.82); pairwise redundancy ≥0.50 vs IT24",
      "n_raters": 11
    },
    {
      "item_id": "IT12",
      "item_text": "Mi chiede di non vedere i miei amici/amiche",
      "dimension": "Control and Manipulation",
      "fit_mean": 4.364,
      "clarity_mean": 5.0,
      "fit_iqr": 1.0,
      "redundancy_ratio": 0.636,
      "decision": "Drop",
      "reason": "fit_mean≥4 (4.36), IQR≤1 (1.00), clarity≥4 (5.00); pairwise redundancy ≥0.50 vs IT27",
      "n_raters": 11
    },
    {
      "item_id": "IT27",
      "item_text": "Non vuole che io veda la mia famiglia, i miei amici/amiche",
      "dimension": "Control and Manipulation",
      "fit_mean": 4.636,
      "clarity_mean": 5.0,
      "fit_iqr": 1.0,
      "redundancy_ratio": 0.727,
      "decision": "Retain",
      "reason": "fit_mean≥4 (4.64), IQR≤1 (1.00), clarity≥4 (5.00)",
      "n_raters": 11
    },
    {
      "item_id": "IT46",
      "item_text": "Controlla come spendo i miei soldi",
      "dimension": "Control and Manipulation",
      "fit_mean": 4.909,
      "clarity_mean": 5.0,
      "fit_iqr": 0.0,
      "redundancy_ratio": 0.364,
      "decision": "Retain",
      "reason": "fit_mean≥4 (4.91), IQR≤1 (0.00), clarity≥4 (5.00)",
      "n_raters": 11
    },
    {
      "item_id": "IT48",
      "item_text": "Mi viene chiesto di giustificare ogni acquisto che faccio",
      "dimension": "Control and Manipulation",
      "fit_mean": 4.364,
      "clarity_mean": 4.818,
      "fit_iqr": 1.0,
      "redundancy_ratio": 0.909,
      "decision": "Drop",
      "reason": "fit_mean≥4 (4.36), IQR≤1 (1.00), clarity≥4 (4.82); pairwise redundancy ≥0.50 vs IT46",
      "n_raters": 11
    },
    {
      "item_id": "IT36",
      "item_text": "Minaccia di fare del male a me, ai miei amici/amiche o alla mia famiglia",
      "dimension": "Threats and Intimidation",
      "fit_mean": 5.0,
      "clarity_mean": 5.0,
      "fit_iqr": 0.0,
      "redundancy_ratio": 0.0,
      "decision": "Retain",
      "reason": "fit_mean≥4 (5.00), IQR≤1 (0.00), clarity≥4 (5.00)",
      "n_raters": 11
    },
    {
      "item_id": "IT37",
      "item_text": "Minaccia di farsi del male a causa mia",
      "dimension": "Threats and Intimidation",
      "fit_mean": 4.727,
      "clarity_mean": 4.909,
      "fit_iqr": 0.5,
      "redundancy_ratio": 0.0,
      "decision": "Retain",
      "reason": "fit_mean≥4 (4.73), IQR≤1 (0.50), clarity≥4 (4.91)",
      "n_raters": 11
    },
    {
      "item_id": "IT38",
      "item_text": "Minaccia di distruggere le mie cose (telefono, vestiti, computer, auto, ecc.)",
      "dimension": "Threats and Intimidation",
      "fit_mean": 4.727,
      "clarity_mean": 5.0,
      "fit_iqr": 0.5,
      "redundancy_ratio": 0.182,
      "decision": "Retain",
      "reason": "fit_mean≥4 (4.73), IQR≤1 (0.50), clarity≥4 (5.00)",
      "n_raters": 11
    },
    {
      "item_id": "IT41",
      "item_text": "Rompe e lancia oggetti per intimidirmi",
      "dimension": "Threats and Intimidation",
      "fit_mean": 4.636,
      "clarity_mean": 4.909,
      "fit_iqr": 1.0,
      "redundancy_ratio": 0.182,
      "decision": "Drop",
      "reason": "fit_mean≥4 (4.64), IQR≤1 (1.00), clarity≥4 (4.91); pairwise redundancy ≥0.50 vs IT38",
      "n_raters": 11
    },
    {
      "item_id": "IT18",
      "item_text": "Provo paura vicino a lui, non mi sento al sicuro",
      "dimension": "Fear and Anxiety",
      "fit_mean": 5.0,
      "clarity_mean": 5.0,
      "fit_iqr": 0.0,
      "redundancy_ratio": 0.0,
      "decision": "Retain",
      "reason": "fit_mean≥4 (5.00), IQR≤1 (0.00), clarity≥4 (5.00)",
      "n_raters": 11
    },
    {
      "item_id": "IT19",
      "item_text": "Sento disagio o non voglio fare qualcosa ma lo nascondo per paura che si arrabbi",
      "dimension": "Fear and Anxiety",
      "fit_mean": 4.545,
      "clarity_mean": 4.545,
      "fit_iqr": 1.0,
      "redundancy_ratio": 0.364,
      "decision": "Drop",
      "reason": "fit_mean≥4 (4.55), IQR≤1 (1.00), clarity≥4 (4.55); pairwise redundancy ≥0.50 vs IT29",
      "n_raters": 11
    },
    {
      "item_id": "IT29",
      "item_text": "In sua compagnia mi capita di sentirmi a disagio e ho la sensazione di dover stare attenta a ciò che dico o a ciò che faccio, come se dovessi “camminare sulle uova” per evitare sue reazioni negative",
      "dimension": "Fear and Anxiety",
      "fit_mean": 4.818,
      "clarity_mean": 4.727,
      "fit_iqr": 0.0,
      "redundancy_ratio": 0.455,
      "decision": "Retain",
      "reason": "fit_mean≥4 (4.82), IQR≤1 (0.00), clarity≥4 (4.73)",
      "n_raters": 11
    },
    {
      "item_id": "IT44",
      "item_text": "Ho paura di vederlo perché so che potrebbe avere comportamenti che mi possono fare stare male o sentire in imbarazzo",
      "dimension": "Fear and Anxiety",
      "fit_mean": 4.273,
      "clarity_mean": 4.818,
      "fit_iqr": 1.0,
      "redundancy_ratio": 0.182,
      "decision": "Drop",
      "reason": "fit_mean≥4 (4.27), IQR≤1 (1.00), clarity≥4 (4.82); pairwise redundancy ≥0.50 vs IT18",
      "n_raters": 11
    },
    {
      "item_id": "IT39",
      "item_text": "Mi afferra per i capelli, mi strattona, mi mette le mani al collo, tenta di soffocarmi, mi dà dei pugni, mi schiaffeggia, mi getta addosso degli oggetti o mi fa male in qualche modo",
      "dimension": "Physical Aggression",
      "fit_mean": 5.0,
      "clarity_mean": 4.909,
      "fit_iqr": 0.0,
      "redundancy_ratio": 0.0,
      "decision": "Retain",
      "reason": "fit_mean≥4 (5.00), IQR≤1 (0.00), clarity≥4 (4.91)",
      "n_raters": 11
    }
  ]
}