{
  "dimensions": [
    {
      "name": "Coercive Control and Isolation",
      "definition": "Systematic domination through surveillance, restriction of autonomy, and enforced dependency.",
      "items": [
        {
          "id": "IT25",
          "text": "Cerca di controllare ciò che faccio e con chi mi vedo"
        },
        {
          "id": "IT11",
          "text": "Mi chiede di non vedere i miei amici/amiche"
        },
        {
          "id": "IT26",
          "text": "Non vuole che io veda la mia famiglia, i miei amici/amiche"
        },
        {
          "id": "IT46",
          "text": "Mi impedisce di avere accesso al conto corrente o alle mie risorse economiche"
        },
        {
          "id": "IT45",
          "text": "Controlla come spendo i miei soldi"
        },
        {
          "id": "IT48",
          "text": "Mi impedisce cercare un lavoro per essere indipendente"
        },
        {
          "id": "IT23",
          "text": "Mi sento controllata, ho la sensazione che non si fidi di me e che voglia sapere sempre dove sono e con chi, me lo chiede continuamente"
        },
        {
          "id": "IT20",
          "text": "Pretende prove d'amore e dimostrazioni di fedeltà nei suoi confronti"
        },
        {
          "id": "IT15",
          "text": "Sento che mi manda troppi messaggi o mi chiama in modo insistente"
        },
        {
          "id": "IT21",
          "text": "Diventa estremamente geloso o possessivo"
        },
        {
          "id": "IT22",
          "text": "Mi accusa di flirtare o di tradirlo"
        },
        {
          "id": "IT12",
          "text": "Dice che sono impegnata in troppe cose e che lo trascuro, vorrebbe che passassimo la maggior parte del tempo insieme"
        }
      ]
    },
    {
      "name": "Emotional Abuse and Psychological Manipulation",
      "definition": "Chronic devaluation and psychological destabilization.",
      "items": [
        {
          "id": "IT31",
          "text": "Mi dice che non valgo niente e che resterei sola se non stessi con lui perché nessuno mi vorrebbe"
        },
        {
          "id": "IT30",
          "text": "Mi fa sentire spesso sbagliata e mi dice che è colpa mia se sta male"
        },
        {
          "id": "IT29",
          "text": "Mi butta giù, mi insulta o mi critica"
        },
        {
          "id": "IT41",
          "text": "Urla o mi umilia di fronte ad altre persone"
        },
        {
          "id": "IT10",
          "text": "Parla male delle mie amici/amiche e dice che sono dei/delle “poco di buono”"
        },
        {
          "id": "IT13",
          "text": "Mi sento giudicata rispetto alle cose che faccio e a come organizzo la mia vita"
        },
        {
          "id": "IT16",
          "text": "Non mi fa sentire bene quando parla di come mi prendo cura di me stessa e del mio aspetto fisico"
        },
        {
          "id": "IT39",
          "text": "Dopo che mi ha aggredito (fisicamente o verbalmente) nega di averlo fatto e mi fa dubitare che sia realmente successo."
        },
        {
          "id": "IT27",
          "text": "Ha forti oscillazioni d'umore, il minuto prima si arrabbia e mi urla contro e quello successivo è dolce e si scusa"
        }
      ]
    },
    {
      "name": "Threats, Intimidation, and Coercive Fear",
      "definition": "Coercion through fear induction.",
      "items": [
        {
          "id": "IT40",
          "text": "Rompe e lancia oggetti per intimidirmi"
        },
        {
          "id": "IT36",
          "text": "Minaccia di farsi del male a causa mia"
        },
        {
          "id": "IT35",
          "text": "Minaccia di fare del male a me, ai miei amici/amiche o alla mia famiglia"
        },
        {
          "id": "IT37",
          "text": "Minacce di distruggere le mie cose (telefono, vestiti, computer, auto, ecc.)"
        },
        {
          "id": "IT33",
          "text": "Minaccia di mostrare ai miei amici o ai miei familiari mie immagini intime"
        },
        {
          "id": "IT32",
          "text": "Ha mostrato mie immagini intime ad altre persone senza il mio consenso"
        }
      ]
    },
    {
      "name": "Physical and Sexual Coercion",
      "definition": "Actualized bodily violation.",
      "items": [
        {
          "id": "IT38",
          "text": "Mi afferra per i capelli, mi strattona, mi mette le mani al collo, tenta di soffocarmi, mi dà dei pugni, mi schiaffeggia, mi getta addosso degli oggetti o mi fa male in qualche modo"
        },
        {
          "id": "IT42",
          "text": "Mi chiede insistentemente di fare sesso e non accetta quando dico di no o che non mi va"
        }
      ]
    },
    {
      "name": "Fear, Hypervigilance, and Trauma Responses",
      "definition": "Internalized psychological impact of abuse.",
      "items": [
        {
          "id": "IT17",
          "text": "Provo paura vicino a lui, non mi sento al sicuro"
        },
        {
          "id": "IT18",
          "text": "Sento disagio o non voglio fare qualcosa ma lo nascondo per paura che si arrabbi"
        },
        {
          "id": "IT43",
          "text": "Ho paura di vederlo perché so che potrebbe avere comportamenti che mi possono fare stare male o sentire in imbarazzo"
        },
        {
          "id": "IT28",
          "text": "In sua compagnia mi capita di sentirmi a disagio e ho la sensazione di dover stare attenta a ciò che dico o a ciò che faccio, come se dovessi “camminare sulle uova” per evitare sue reazioni negative"
        }
      ]
    },
    {
      "name": "External Validation of Abuse",
      "definition": "Social corroboration of abusive dynamics.",
      "items": [
        {
          "id": "IT19",
          "text": "Le mie amiche o la mia famiglia sono preoccupate per me"
        },
        {
          "id": "IT09",
          "text": "I miei amici/amiche mi hanno fatto notare che non piace loro come si comporta con me"
        }
      ]
    },
    {
      "name": "Healthy Relational Dynamics",
      "definition": "Secure attachment, mutual respect, and autonomy support.",
      "items": [
        {
          "id": "IT06",
          "text": "Mi vuole bene per quella che sono e rispetta le mie scelte"
        },
        {
          "id": "IT44",
          "text": "Sento di potergli parlare di qualsiasi cosa"
        },
        {
          "id": "IT07",
          "text": "Sento che possiamo confrontarci e anche litigare senza farci male"
        },
        {
          "id": "IT04",
          "text": "Capisce che ho bisogno anche di miei spazi personali e comprende che ci sono momenti in cui mi piace stare da sola o con persone diverse da lui (amici/amiche, familiari ecc.)"
        },
        {
          "id": "IT03",
          "text": "Mi sento ascoltata e si mostra interessato quando ho qualcosa che voglio condividere"
        },
        {
          "id": "IT02",
          "text": "Mi incoraggia a provare nuove cose"
        },
        {
          "id": "IT05",
          "text": "Mi fa sentire libera di fare le mie scelte su come gestire il mio tempo"
        },
        {
          "id": "IT01",
          "text": "Sento il suo sostegno nelle cose che faccio"
        },
        {
          "id": "IT08",
          "text": "In sua compagnia mi sento a mio agio e al sicuro"
        }
      ]
    }
  ]
}