{
  "dimensions": [
    {
      "name": "Coercive Control and Surveillance",
      "definition": "Systematic efforts to dominate through monitoring, economic restriction, and behavioral regulation",
      "items": [
        {
          "id": "IT25",
          "text": "Cerca di controllare ciò che faccio e con chi mi vedo"
        },
        {
          "id": "IT23",
          "text": "Mi sento controllata, ho la sensazione che non si fidi di me e che voglia sapere sempre dove sono e con chi, me lo chiede continuamente"
        },
        {
          "id": "IT15",
          "text": "Sento che mi manda troppi messaggi o mi chiama in modo insistente"
        },
        {
          "id": "IT45",
          "text": "Controlla come spendo i miei soldi"
        },
        {
          "id": "IT47",
          "text": "Mi viene chiesto di giustificare ogni acquisto che faccio"
        },
        {
          "id": "IT46",
          "text": "Mi impedisce di avere accesso al conto corrente o alle mie risorse economiche"
        },
        {
          "id": "IT48",
          "text": "Mi impedisce cercare un lavoro per essere indipendente"
        },
        {
          "id": "IT20",
          "text": "Pretende prove d'amore e dimostrazioni di fedeltà nei suoi confronti"
        },
        {
          "id": "IT21",
          "text": "Diventa estremamente geloso o possessivo"
        }
      ]
    },
    {
      "name": "Emotional Abuse and Psychological Manipulation",
      "definition": "Deliberate psychological tactics to undermine self-worth and induce confusion",
      "items": [
        {
          "id": "IT30",
          "text": "Mi fa sentire spesso sbagliata e mi dice che è colpa mia se sta male"
        },
        {
          "id": "IT29",
          "text": "Mi butta giù, mi insulta o mi critica"
        },
        {
          "id": "IT31",
          "text": "Mi dice che non valgo niente e che resterei sola se non stessi con lui perché nessuno mi vorrebbe"
        },
        {
          "id": "IT16",
          "text": "Non mi fa sentire bene quando parla di come mi prendo cura di me stessa e del mio aspetto fisico"
        },
        {
          "id": "IT13",
          "text": "Mi sento giudicata rispetto alle cose che faccio e a come organizzo la mia vita"
        },
        {
          "id": "IT41",
          "text": "Urla o mi umilia di fronte ad altre persone"
        },
        {
          "id": "IT39",
          "text": "Dopo che mi ha aggredito (fisicamente o verbalmente) nega di averlo fatto e mi fa dubitare che sia realmente successo"
        },
        {
          "id": "IT27",
          "text": "Ha forti oscillazioni d'umore, il minuto prima si arrabbia e mi urla contro e quello successivo è dolce e si scusa"
        },
        {
          "id": "IT14",
          "text": "Quando faccio qualcosa che a lui non va bene poi non mi parla per giorni"
        }
      ]
    },
    {
      "name": "Isolation and Social Interference",
      "definition": "Active efforts to sever ties with social supports",
      "items": [
        {
          "id": "IT11",
          "text": "Mi chiede di non vedere i miei amici/amiche"
        },
        {
          "id": "IT26",
          "text": "Non vuole che io veda la mia famiglia, i miei amici/amiche"
        },
        {
          "id": "IT10",
          "text": "Parla male delle mie amici/amiche e dice che sono dei/delle “poco di buono”"
        },
        {
          "id": "IT12",
          "text": "Dice che sono impegnata in troppe cose e che lo trascuro, vorrebbe che passassimo la maggior parte del tempo insieme"
        }
      ]
    },
    {
      "name": "Physical and Sexual Violence",
      "definition": "Physical violence, sexual coercion, and image-based sexual abuse",
      "items": [
        {
          "id": "IT38",
          "text": "Mi afferra per i capelli, mi strattona, mi mette le mani al collo, tenta di soffocarmi, mi dà dei pugni, mi schiaffeggia, mi getta addosso degli oggetti o mi fa male in qualche modo"
        },
        {
          "id": "IT42",
          "text": "Mi chiede insistentemente di fare sesso e non accetta quando dico di no o che non mi va"
        },
        {
          "id": "IT32",
          "text": "Ha mostrato mie immagini intime ad altre persone senza il mio consenso"
        },
        {
          "id": "IT33",
          "text": "Minaccia di mostrare ai miei amici o ai miei familiari mie immagini intime"
        }
      ]
    },
    {
      "name": "Intimidation and Coercive Threats",
      "definition": "Explicit threats and fear-inducing behaviors designed to enforce compliance and control",
      "items": [
        {
          "id": "IT40",
          "text": "Rompe e lancia oggetti per intimidirmi"
        },
        {
          "id": "IT35",
          "text": "Minaccia di fare del male a me, ai miei amici/amiche o alla mia famiglia"
        },
        {
          "id": "IT36",
          "text": "Minaccia di farsi del male a causa mia"
        },
        {
          "id": "IT37",
          "text": "Minacce di distruggere le mie cose (telefono, vestiti, computer, auto, ecc.)"
        },
        {
          "id": "IT34",
          "text": "Mi dice che, se lo lasciassi, rivelerebbe ad altri dei miei segreti o delle cose molto personali che sa di me"
        }
      ]
    },
    {
      "name": "Healthy Relationship Dynamics",
      "definition": "Positive, autonomy-supportive relationship qualities grounded in trust, respect, and emotional safety",
      "items": [
        {
          "id": "IT44",
          "text": "Sento di potergli parlare di qualsiasi cosa"
        },
        {
          "id": "IT7",
          "text": "Sento che possiamo confrontarci e anche litigare senza farci male"
        },
        {
          "id": "IT6",
          "text": "Mi vuole bene per quella che sono e rispetta le mie scelte"
        },
        {
          "id": "IT4",
          "text": "Capisce che ho bisogno anche di miei spazi personali e comprende che ci sono momenti in cui mi piace stare da sola o con persone diverse da lui"
        },
        {
          "id": "IT1",
          "text": "Sento il suo sostegno nelle cose che faccio"
        },
        {
          "id": "IT5",
          "text": "Mi fa sentire libera di fare le mie scelte su come gestire il mio tempo"
        },
        {
          "id": "IT3",
          "text": "Mi sento ascoltata e si mostra interessato quando ho qualcosa che voglio condividere"
        },
        {
          "id": "IT8",
          "text": "In sua compagnia mi sento a mio agio e al sicuro"
        },
        {
          "id": "IT2",
          "text": "Mi incoraggia a provare nuove cose"
        }
      ]
    },
    {
      "name": "External Validation of Concern",
      "definition": "Concern expressed by third parties, serving as external validation of the abusive dynamic",
      "items": [
        {
          "id": "IT19",
          "text": "Le mie amiche o la mia famiglia sono preoccupate per me"
        },
        {
          "id": "IT9",
          "text": "I miei amici/amiche mi hanno fatto notare che non piace loro come si comporta con me"
        }
      ]
    }
  ]
}