{
  "dimensions": [
    {
      "name": "Physical Violence",
      "definition": "This dimension captures direct, overt acts of physical aggression intended to cause bodily harm. There is universal consensus on its distinct nature, severity, and clear clinical and forensic implications.",
      "items": [
        {
          "id": "IT39",
          "text": "Mi afferra per i capelli, mi strattona, mi mette le mani al collo, tenta di soffocarmi, mi dà dei pugni, mi schiaffeggia, mi getta addosso degli oggetti o mi fa male in qualche modo"
        }
      ]
    },
    {
      "name": "Threats & Intimidation",
      "definition": "This dimension encompasses behaviors and statements designed to instill fear and control through explicit or implicit threats of harm to the victim, their loved ones, or their property. It also includes instrumental self-harm threats used as a manipulative tactic.",
      "items": [
        {
          "id": "IT41",
          "text": "Rompe e lancia oggetti per intimidirmi"
        },
        {
          "id": "IT38",
          "text": "Minaccia di distruggere le mie cose (telefono, vestiti, computer, auto, ecc.)"
        },
        {
          "id": "IT36",
          "text": "Minaccia di fare del male a me, ai miei amici/amiche o alla mia famiglia"
        },
        {
          "id": "IT37",
          "text": "Minaccia di farsi del male a causa mia"
        }
      ]
    },
    {
      "name": "Sexual Coercion & Privacy Violation",
      "definition": "This dimension specifically addresses non-consensual sexual acts, pressure for sexual acts, and the use or threat of using intimate images or personal secrets as leverage for control. It captures violations of sexual autonomy and personal privacy.",
      "items": [
        {
          "id": "IT43",
          "text": "Mi chiede insistentemente di fare sesso e non accetta quando dico di no o che non mi va"
        },
        {
          "id": "IT33",
          "text": "Ha mostrato mie immagini intime ad altre persone senza il mio consenso"
        },
        {
          "id": "IT34",
          "text": "Minaccia di mostrare ai miei amici o ai miei familiari mie immagini intime"
        },
        {
          "id": "IT35",
          "text": "Mi dice che, se lo lasciassi, rivelerebbe ad altri dei miei segreti o delle cose molto personali che sa di me"
        }
      ]
    },
    {
      "name": "Coercive Control & Isolation",
      "definition": "This dimension captures the systematic pattern of behaviors aimed at dominating and restricting a person's autonomy, freedom, and access to external resources and support. It includes social, financial, and personal control, as well as excessive jealousy and monitoring, which are core mechanisms for isolating and disempowering the victim.",
      "items": [
        {
          "id": "IT24",
          "text": "Mi sento controllata, ho la sensazione che non si fidi di me e che voglia sapere sempre dove sono e con chi, me lo chiede continuamente"
        },
        {
          "id": "IT26",
          "text": "Cerca di controllare ciò che faccio e con chi mi vedo"
        },
        {
          "id": "IT06",
          "text": "Non mi fa sentire libera di fare le mie scelte su come gestire il mio tempo"
        },
        {
          "id": "IT25",
          "text": "Non mi sento libera di vestirmi come voglio"
        },
        {
          "id": "IT12",
          "text": "Mi chiede di non vedere i miei amici/amiche"
        },
        {
          "id": "IT27",
          "text": "Non vuole che io veda la mia famiglia, i miei amici/amiche"
        },
        {
          "id": "IT11",
          "text": "Parla male delle mie amici/amiche e dice che sono dei/delle “poco di buono”"
        },
        {
          "id": "IT49",
          "text": "Mi impedisce cercare un lavoro per essere indipendente"
        },
        {
          "id": "IT47",
          "text": "Mi impedisce di avere accesso al conto corrente o alle mie risorse economiche"
        },
        {
          "id": "IT46",
          "text": "Controlla come spendo i miei soldi"
        },
        {
          "id": "IT48",
          "text": "Mi viene chiesto di giustificare ogni acquisto che faccio"
        },
        {
          "id": "IT21",
          "text": "Pretende prove d'amore e dimostrazioni di fedeltà nei suoi confronti"
        },
        {
          "id": "IT22",
          "text": "Diventa estremamente geloso o possessivo"
        },
        {
          "id": "IT23",
          "text": "Mi accusa di flirtare o di tradirlo"
        },
        {
          "id": "IT16",
          "text": "Sento che mi manda troppi messaggi o mi chiama in modo insistente"
        },
        {
          "id": "IT13",
          "text": "Dice che sono impegnata in troppe cose e che lo trascuro, vorrebbe che passassimo la maggior parte del tempo insieme"
        },
        {
          "id": "IT05",
          "text": "Non capisce che ho bisogno anche di miei spazi personali e non comprende che ci sono momenti in cui mi piace stare da sola o con persone diverse da lui (amici/amiche, familiari ecc.)"
        }
      ]
    },
    {
      "name": "Emotional & Verbal Abuse",
      "definition": "This dimension focuses on behaviors that directly undermine a person's self-esteem, identity, and emotional well-being through verbal abuse, belittling, humiliation, and blame. It aims to erode the victim's sense of self-worth.",
      "items": [
        {
          "id": "IT30",
          "text": "Mi butta giù di morale, mi insulta o mi critica"
        },
        {
          "id": "IT32",
          "text": "Mi dice che non valgo niente e che resterei sola se non stessi con lui perché nessuno mi vorrebbe"
        },
        {
          "id": "IT31",
          "text": "Mi fa sentire spesso sbagliata e mi dice che è colpa mia se sta male"
        },
        {
          "id": "IT42",
          "text": "Urla o mi umilia di fronte ad altre persone"
        },
        {
          "id": "IT14",
          "text": "Mi sento giudicata rispetto alle cose che faccio e a come organizzo la mia vita"
        },
        {
          "id": "IT07",
          "text": "Non mi vuole bene per quella che sono e non rispetta le mie scelte"
        },
        {
          "id": "IT17",
          "text": "Non mi fa sentire bene quando parla di come mi prendo cura di me stessa e del mio aspetto fisico"
        }
      ]
    },
    {
      "name": "Gaslighting & Manipulative Reality Distortion",
      "definition": "This dimension specifically captures behaviors that manipulate a person's perception of reality, induce self-doubt, and create confusion. It includes denial of past events, unpredictable mood swings (affective whiplash), and punitive silent treatment, all of which serve to disorient and control the victim's cognitive and emotional experience.",
      "items": [
        {
          "id": "IT40",
          "text": "Dopo che mi ha aggredito (fisicamente o verbalmente) nega di averlo fatto e mi fa dubitare che sia realmente successo."
        },
        {
          "id": "IT28",
          "text": "Ha forti oscillazioni d'umore, il minuto prima si arrabbia e mi urla contro e quello successivo è dolce e si scusa"
        },
        {
          "id": "IT15",
          "text": "Quando faccio qualcosa che a lui non va bene poi non mi parla per giorni"
        }
      ]
    },
    {
      "name": "Emotional Neglect & Lack of Support",
      "definition": "This dimension addresses the absence of positive, supportive, and healthy relational dynamics. It encompasses a lack of emotional responsiveness, validation, encouragement, and the inability to engage in healthy communication or conflict resolution, indicating a deprivation of fundamental relational needs.",
      "items": [
        {
          "id": "IT04",
          "text": "Non si mostra interessato quando ho qualcosa che voglio condividere"
        },
        {
          "id": "IT03",
          "text": "Non mi sento ascoltata"
        },
        {
          "id": "IT02",
          "text": "Non mi incoraggia a provare nuove cose"
        },
        {
          "id": "IT01",
          "text": "Non sento di avere il suo sostegno nelle cose che faccio"
        },
        {
          "id": "IT08",
          "text": "Non sento che possiamo confrontarci e anche litigare senza farci male"
        }
      ]
    },
    {
      "name": "Subjective Experience of Fear & Discomfort",
      "definition": "This dimension captures the victim's internal, lived experience of the abusive relationship, manifesting as chronic fear, anxiety, discomfort, and the constant need for hypervigilance. It reflects the profound affective and psychological toll of living in a state of chronic unsafety.",
      "items": [
        {
          "id": "IT29",
          "text": "In sua compagnia mi capita di sentirsi a disagio e ho la sensazione di dover stare attenta a ciò che dico o a ciò che faccio, come se dovessi “camminare sulle uova” per evitare sue reazioni negative"
        },
        {
          "id": "IT18",
          "text": "Provo paura vicino a lui, non mi sento al sicuro"
        },
        {
          "id": "IT44",
          "text": "Ho paura di vederlo perché so che potrebbe avere comportamenti che mi possono fare stare male o sentire in imbarazzo"
        },
        {
          "id": "IT09",
          "text": "In sua compagnia non mi sento a mio agio e al sicuro"
        },
        {
          "id": "IT19",
          "text": "Sento disagio o non voglio fare qualcosa ma lo nascondo per paura che si arrabbi"
        }
      ]
    },
    {
      "name": "External Awareness & Absence of Healthy Relational Markers",
      "definition": "This dimension includes items that reflect external perceptions of the relationship's dysfunction (concerns from friends/family) and the fundamental lack of trust and open communication that characterizes healthy relationships. The \"positive\" item serves as an inverse indicator, highlighting the absence of this crucial healthy relational marker when abuse is present.",
      "items": [
        {
          "id": "IT10",
          "text": "I miei amici/amiche mi hanno fatto notare che non piace loro come si comporta con me"
        },
        {
          "id": "IT20",
          "text": "Le mie amiche o la mia famiglia sono preoccupate per me"
        },
        {
          "id": "IT45",
          "text": "Sento di potergli parlare di qualsiasi cosa"
        }
      ]
    }
  ]
}