{
  "dimensions": [
    {
      "name": "Emotional Abuse",
      "definition": "Behaviors that can cause emotional harm or distress",
      "items": [
        {
          "id": "IT30",
          "text": "Mi butta giù di morale, mi insulta o mi critica"
        },
        {
          "id": "IT31",
          "text": "Mi fa sentire spesso sbagliata e mi dice che è colpa mia se sta male"
        },
        {
          "id": "IT14",
          "text": "Mi sento giudicata rispetto alle cose che faccio e a come organizzo la mia vita"
        },
        {
          "id": "IT17",
          "text": "Non mi fa sentire bene quando parla di come mi prendo cura di me stessa e del mio aspetto fisico"
        }
      ]
    },
    {
      "name": "Control and Manipulation",
      "definition": "Behaviors that are used to control or manipulate a partner",
      "items": [
        {
          "id": "IT24",
          "text": "Mi sento controllata, ho la sensazione che non si fidi di me e che voglia sapere sempre dove sono e con chi, me lo chiede continuamente"
        },
        {
          "id": "IT26",
          "text": "Cerca di controllare ciò che faccio e con chi mi vedo"
        },
        {
          "id": "IT12",
          "text": "Mi chiede di non vedere i miei amici/amiche"
        },
        {
          "id": "IT27",
          "text": "Non vuole che io veda la mia famiglia, i miei amici/amiche"
        },
        {
          "id": "IT46",
          "text": "Controlla come spendo i miei soldi"
        },
        {
          "id": "IT48",
          "text": "Mi viene chiesto di giustificare ogni acquisto che faccio"
        }
      ]
    },
    {
      "name": "Threats and Intimidation",
      "definition": "Behaviors that are used to threaten or intimidate a partner",
      "items": [
        {
          "id": "IT36",
          "text": "Minaccia di fare del male a me, ai miei amici/amiche o alla mia famiglia"
        },
        {
          "id": "IT37",
          "text": "Minaccia di farsi del male a causa mia"
        },
        {
          "id": "IT38",
          "text": "Minaccia di distruggere le mie cose (telefono, vestiti, computer, auto, ecc.)"
        },
        {
          "id": "IT41",
          "text": "Rompe e lancia oggetti per intimidirmi"
        }
      ]
    },
    {
      "name": "Fear and Anxiety",
      "definition": "Feelings of fear or anxiety caused by a partner's behavior",
      "items": [
        {
          "id": "IT18",
          "text": "Provo paura vicino a lui, non mi sento al sicuro"
        },
        {
          "id": "IT19",
          "text": "Sento disagio o non voglio fare qualcosa ma lo nascondo per paura che si arrabbi"
        },
        {
          "id": "IT29",
          "text": "In sua compagnia mi capita di sentirmi a disagio e ho la sensazione di dover stare attenta a ciò che dico o a ciò che faccio, come se dovessi “camminare sulle uova” per evitare sue reazioni negative"
        },
        {
          "id": "IT44",
          "text": "Ho paura di vederlo perché so che potrebbe avere comportamenti che mi possono fare stare male o sentire in imbarazzo"
        }
      ]
    },
    {
      "name": "Physical Aggression",
      "definition": "Physical behaviors that can cause harm or injury",
      "items": [
        {
          "id": "IT39",
          "text": "Mi afferra per i capelli, mi strattona, mi mette le mani al collo, tenta di soffocarmi, mi dà dei pugni, mi schiaffeggia, mi getta addosso degli oggetti o mi fa male in qualche modo"
        }
      ]
    }
  ]
}