{
  "items": [
    {
      "item_id": "IT07",
      "item_text": "Non mi vuole bene per quella che sono e non rispetta le mie scelte",
      "dimension": "Coercive Control & Surveillance",
      "fit_mean": 3.5,
      "clarity_mean": 4.7,
      "fit_iqr": 1.0,
      "redundancy_ratio": 0.1,
      "decision": "Revise",
      "reason": "fallback to majority recommendation",
      "n_raters": 10
    },
    {
      "item_id": "IT27",
      "item_text": "Non vuole che io veda la mia famiglia, i miei amici/amiche",
      "dimension": "Coercive Control & Surveillance",
      "fit_mean": 4.9,
      "clarity_mean": 5.0,
      "fit_iqr": 0.0,
      "redundancy_ratio": 0.6,
      "decision": "Retain",
      "reason": "fit_mean≥4 (4.90), IQR≤1 (0.00), clarity≥4 (5.00)",
      "n_raters": 10
    },
    {
      "item_id": "IT12",
      "item_text": "Mi chiede di non vedere i miei amici/amiche",
      "dimension": "Coercive Control & Surveillance",
      "fit_mean": 4.4,
      "clarity_mean": 5.0,
      "fit_iqr": 1.0,
      "redundancy_ratio": 1.0,
      "decision": "Drop",
      "reason": "fit_mean≥4 (4.40), IQR≤1 (1.00), clarity≥4 (5.00); pairwise redundancy ≥0.50 vs IT27",
      "n_raters": 10
    },
    {
      "item_id": "IT47",
      "item_text": "Mi impedisce di avere accesso al conto corrente o alle mie risorse economiche",
      "dimension": "Coercive Control & Surveillance",
      "fit_mean": 5.0,
      "clarity_mean": 5.0,
      "fit_iqr": 0.0,
      "redundancy_ratio": 0.1,
      "decision": "Retain",
      "reason": "fit_mean≥4 (5.00), IQR≤1 (0.00), clarity≥4 (5.00)",
      "n_raters": 10
    },
    {
      "item_id": "IT49",
      "item_text": "Mi impedisce cercare un lavoro per essere indipendente",
      "dimension": "Coercive Control & Surveillance",
      "fit_mean": 4.8,
      "clarity_mean": 5.0,
      "fit_iqr": 0.0,
      "redundancy_ratio": 0.1,
      "decision": "Retain",
      "reason": "fit_mean≥4 (4.80), IQR≤1 (0.00), clarity≥4 (5.00)",
      "n_raters": 10
    },
    {
      "item_id": "IT06",
      "item_text": "Non mi fa sentire libera di fare le mie scelte su come gestire il mio tempo",
      "dimension": "Coercive Control & Surveillance",
      "fit_mean": 4.0,
      "clarity_mean": 4.2,
      "fit_iqr": 0.0,
      "redundancy_ratio": 0.4,
      "decision": "Drop",
      "reason": "fit_mean≥4 (4.00), IQR≤1 (0.00), clarity≥4 (4.20); pairwise redundancy ≥0.50 vs IT13",
      "n_raters": 10
    },
    {
      "item_id": "IT25",
      "item_text": "Non mi sento libera di vestirmi come voglio",
      "dimension": "Coercive Control & Surveillance",
      "fit_mean": 3.9,
      "clarity_mean": 5.0,
      "fit_iqr": 0.0,
      "redundancy_ratio": 0.0,
      "decision": "Retain",
      "reason": "fallback to majority recommendation",
      "n_raters": 10
    },
    {
      "item_id": "IT46",
      "item_text": "Controlla come spendo i miei soldi",
      "dimension": "Coercive Control & Surveillance",
      "fit_mean": 4.6,
      "clarity_mean": 5.0,
      "fit_iqr": 1.0,
      "redundancy_ratio": 1.0,
      "decision": "Drop",
      "reason": "fit_mean≥4 (4.60), IQR≤1 (1.00), clarity≥4 (5.00); pairwise redundancy ≥0.50 vs IT47",
      "n_raters": 10
    },
    {
      "item_id": "IT48",
      "item_text": "Mi viene chiesto di giustificare ogni acquisto che faccio",
      "dimension": "Coercive Control & Surveillance",
      "fit_mean": 4.6,
      "clarity_mean": 5.0,
      "fit_iqr": 1.0,
      "redundancy_ratio": 0.9,
      "decision": "Drop",
      "reason": "fit_mean≥4 (4.60), IQR≤1 (1.00), clarity≥4 (5.00); pairwise redundancy ≥0.50 vs IT47",
      "n_raters": 10
    },
    {
      "item_id": "IT26",
      "item_text": "Cerca di controllare ciò che faccio e con chi mi vedo",
      "dimension": "Coercive Control & Surveillance",
      "fit_mean": 4.7,
      "clarity_mean": 5.0,
      "fit_iqr": 0.75,
      "redundancy_ratio": 0.7,
      "decision": "Drop",
      "reason": "fit_mean≥4 (4.70), IQR≤1 (0.75), clarity≥4 (5.00); pairwise redundancy ≥0.50 vs IT27",
      "n_raters": 10
    },
    {
      "item_id": "IT24",
      "item_text": "Mi sento controllata, ho la sensazione che non si fidi di me e che voglia sapere sempre dove sono e con chi, me lo chiede continuamente",
      "dimension": "Coercive Control & Surveillance",
      "fit_mean": 4.8,
      "clarity_mean": 5.0,
      "fit_iqr": 0.0,
      "redundancy_ratio": 0.6,
      "decision": "Retain",
      "reason": "fit_mean≥4 (4.80), IQR≤1 (0.00), clarity≥4 (5.00)",
      "n_raters": 10
    },
    {
      "item_id": "IT16",
      "item_text": "Sento che mi manda troppi messaggi o mi chiama in modo insistente",
      "dimension": "Coercive Control & Surveillance",
      "fit_mean": 3.9,
      "clarity_mean": 5.0,
      "fit_iqr": 0.0,
      "redundancy_ratio": 0.3,
      "decision": "Drop",
      "reason": "fallback to majority recommendation; pairwise redundancy ≥0.50 vs IT24",
      "n_raters": 10
    },
    {
      "item_id": "IT21",
      "item_text": "Pretende prove d'amore e dimostrazioni di fedeltà nei suoi confronti",
      "dimension": "Coercive Control & Surveillance",
      "fit_mean": 4.2,
      "clarity_mean": 4.7,
      "fit_iqr": 0.75,
      "redundancy_ratio": 0.2,
      "decision": "Drop",
      "reason": "fit_mean≥4 (4.20), IQR≤1 (0.75), clarity≥4 (4.70); pairwise redundancy ≥0.50 vs IT22",
      "n_raters": 10
    },
    {
      "item_id": "IT22",
      "item_text": "Diventa estremamente geloso o possessivo",
      "dimension": "Coercive Control & Surveillance",
      "fit_mean": 4.3,
      "clarity_mean": 5.0,
      "fit_iqr": 1.0,
      "redundancy_ratio": 0.2,
      "decision": "Retain",
      "reason": "fit_mean≥4 (4.30), IQR≤1 (1.00), clarity≥4 (5.00)",
      "n_raters": 10
    },
    {
      "item_id": "IT13",
      "item_text": "Dice che sono impegnata in troppe cose e che lo trascuro, vorrebbe che passassimo la maggior parte del tempo insieme",
      "dimension": "Coercive Control & Surveillance",
      "fit_mean": 4.0,
      "clarity_mean": 4.8,
      "fit_iqr": 0.0,
      "redundancy_ratio": 0.3,
      "decision": "Retain",
      "reason": "fit_mean≥4 (4.00), IQR≤1 (0.00), clarity≥4 (4.80)",
      "n_raters": 10
    },
    {
      "item_id": "IT05",
      "item_text": "Non capisce che ho bisogno anche di miei spazi personali e non comprende che ci sono momenti in cui mi piace stare da sola o con persone diverse da lui (amici/amiche, familiari ecc.)",
      "dimension": "Coercive Control & Surveillance",
      "fit_mean": 3.7,
      "clarity_mean": 4.6,
      "fit_iqr": 1.0,
      "redundancy_ratio": 0.4,
      "decision": "Drop",
      "reason": "fallback to majority recommendation; pairwise redundancy ≥0.50 vs IT13",
      "n_raters": 10
    },
    {
      "item_id": "IT31",
      "item_text": "Mi fa sentire spesso sbagliata e mi dice che è colpa mia se sta male",
      "dimension": "Emotional Abuse & Degradation",
      "fit_mean": 5.0,
      "clarity_mean": 5.0,
      "fit_iqr": 0.0,
      "redundancy_ratio": 0.0,
      "decision": "Retain",
      "reason": "fit_mean≥4 (5.00), IQR≤1 (0.00), clarity≥4 (5.00)",
      "n_raters": 10
    },
    {
      "item_id": "IT32",
      "item_text": "Mi dice che non valgo niente e che resterei sola se non stessi con lui perché nessuno mi vorrebbe",
      "dimension": "Emotional Abuse & Degradation",
      "fit_mean": 5.0,
      "clarity_mean": 5.0,
      "fit_iqr": 0.0,
      "redundancy_ratio": 0.2,
      "decision": "Retain",
      "reason": "fit_mean≥4 (5.00), IQR≤1 (0.00), clarity≥4 (5.00)",
      "n_raters": 10
    },
    {
      "item_id": "IT30",
      "item_text": "Mi butta giù di morale, mi insulta o mi critica",
      "dimension": "Emotional Abuse & Degradation",
      "fit_mean": 4.8,
      "clarity_mean": 4.8,
      "fit_iqr": 0.0,
      "redundancy_ratio": 0.4,
      "decision": "Drop",
      "reason": "fit_mean≥4 (4.80), IQR≤1 (0.00), clarity≥4 (4.80); pairwise redundancy ≥0.50 vs IT32",
      "n_raters": 10
    },
    {
      "item_id": "IT17",
      "item_text": "Non mi fa sentire bene quando parla di come mi prendo cura di me stessa e del mio aspetto fisico",
      "dimension": "Emotional Abuse & Degradation",
      "fit_mean": 4.1,
      "clarity_mean": 4.9,
      "fit_iqr": 0.0,
      "redundancy_ratio": 0.1,
      "decision": "Retain",
      "reason": "fit_mean≥4 (4.10), IQR≤1 (0.00), clarity≥4 (4.90)",
      "n_raters": 10
    },
    {
      "item_id": "IT42",
      "item_text": "Urla o mi umilia di fronte ad altre persone",
      "dimension": "Emotional Abuse & Degradation",
      "fit_mean": 5.0,
      "clarity_mean": 5.0,
      "fit_iqr": 0.0,
      "redundancy_ratio": 0.0,
      "decision": "Retain",
      "reason": "fit_mean≥4 (5.00), IQR≤1 (0.00), clarity≥4 (5.00)",
      "n_raters": 10
    },
    {
      "item_id": "IT14",
      "item_text": "Mi sento giudicata rispetto alle cose che faccio e a come organizzo la mia vita",
      "dimension": "Emotional Abuse & Degradation",
      "fit_mean": 3.8,
      "clarity_mean": 4.5,
      "fit_iqr": 0.75,
      "redundancy_ratio": 0.4,
      "decision": "Revise",
      "reason": "fallback to majority recommendation",
      "n_raters": 10
    },
    {
      "item_id": "IT03",
      "item_text": "Non mi sento ascoltata",
      "dimension": "Emotional Abuse & Degradation",
      "fit_mean": 3.6,
      "clarity_mean": 5.0,
      "fit_iqr": 1.0,
      "redundancy_ratio": 0.2,
      "decision": "Revise",
      "reason": "fallback to majority recommendation",
      "n_raters": 10
    },
    {
      "item_id": "IT04",
      "item_text": "Non si mostra interessato quando ho qualcosa che voglio condividere",
      "dimension": "Emotional Abuse & Degradation",
      "fit_mean": 3.4,
      "clarity_mean": 5.0,
      "fit_iqr": 1.0,
      "redundancy_ratio": 0.7,
      "decision": "Drop",
      "reason": "fit_mean=3.40 < 3.5",
      "n_raters": 10
    },
    {
      "item_id": "IT02",
      "item_text": "Non mi incoraggia a provare nuove cose",
      "dimension": "Emotional Abuse & Degradation",
      "fit_mean": 2.9,
      "clarity_mean": 4.9,
      "fit_iqr": 0.75,
      "redundancy_ratio": 0.2,
      "decision": "Drop",
      "reason": "fit_mean=2.90 < 3.5",
      "n_raters": 10
    },
    {
      "item_id": "IT40",
      "item_text": "Dopo che mi ha aggredito (fisicamente o verbalmente) nega di averlo fatto e mi fa dubitare che sia realmente successo.",
      "dimension": "Gaslighting & Reality Distortion",
      "fit_mean": 5.0,
      "clarity_mean": 5.0,
      "fit_iqr": 0.0,
      "redundancy_ratio": 0.0,
      "decision": "Retain",
      "reason": "fit_mean≥4 (5.00), IQR≤1 (0.00), clarity≥4 (5.00)",
      "n_raters": 10
    },
    {
      "item_id": "IT23",
      "item_text": "Mi accusa di flirtare o di tradirlo",
      "dimension": "Gaslighting & Reality Distortion",
      "fit_mean": 3.8,
      "clarity_mean": 5.0,
      "fit_iqr": 0.0,
      "redundancy_ratio": 0.1,
      "decision": "Retain",
      "reason": "fallback to majority recommendation",
      "n_raters": 10
    },
    {
      "item_id": "IT35",
      "item_text": "Mi dice che, se lo lasciassi, rivelerebbe ad altri dei miei segreti o delle cose molto personali che sa di me",
      "dimension": "Gaslighting & Reality Distortion",
      "fit_mean": 3.3,
      "clarity_mean": 5.0,
      "fit_iqr": 1.75,
      "redundancy_ratio": 0.0,
      "decision": "Drop",
      "reason": "fit_mean=3.30 < 3.5",
      "n_raters": 10
    },
    {
      "item_id": "IT38",
      "item_text": "Minaccia di distruggere le mie cose (telefono, vestiti, computer, auto, ecc.)",
      "dimension": "Threats & Intimidation",
      "fit_mean": 5.0,
      "clarity_mean": 5.0,
      "fit_iqr": 0.0,
      "redundancy_ratio": 0.0,
      "decision": "Retain",
      "reason": "fit_mean≥4 (5.00), IQR≤1 (0.00), clarity≥4 (5.00)",
      "n_raters": 10
    },
    {
      "item_id": "IT34",
      "item_text": "Minaccia di mostrare ai miei amici o ai miei familiari mie immagini intime",
      "dimension": "Threats & Intimidation",
      "fit_mean": 5.0,
      "clarity_mean": 5.0,
      "fit_iqr": 0.0,
      "redundancy_ratio": 0.0,
      "decision": "Retain",
      "reason": "fit_mean≥4 (5.00), IQR≤1 (0.00), clarity≥4 (5.00)",
      "n_raters": 10
    },
    {
      "item_id": "IT36",
      "item_text": "Minaccia di fare del male a me, ai miei amici/amiche o alla mia famiglia",
      "dimension": "Threats & Intimidation",
      "fit_mean": 5.0,
      "clarity_mean": 5.0,
      "fit_iqr": 0.0,
      "redundancy_ratio": 0.0,
      "decision": "Retain",
      "reason": "fit_mean≥4 (5.00), IQR≤1 (0.00), clarity≥4 (5.00)",
      "n_raters": 10
    },
    {
      "item_id": "IT37",
      "item_text": "Minaccia di farsi del male a causa mia",
      "dimension": "Threats & Intimidation",
      "fit_mean": 4.9,
      "clarity_mean": 5.0,
      "fit_iqr": 0.0,
      "redundancy_ratio": 0.0,
      "decision": "Retain",
      "reason": "fit_mean≥4 (4.90), IQR≤1 (0.00), clarity≥4 (5.00)",
      "n_raters": 10
    },
    {
      "item_id": "IT41",
      "item_text": "Rompe e lancia oggetti per intimidirmi",
      "dimension": "Threats & Intimidation",
      "fit_mean": 4.5,
      "clarity_mean": 5.0,
      "fit_iqr": 1.0,
      "redundancy_ratio": 0.2,
      "decision": "Drop",
      "reason": "fit_mean≥4 (4.50), IQR≤1 (1.00), clarity≥4 (5.00); pairwise redundancy ≥0.50 vs IT38",
      "n_raters": 10
    },
    {
      "item_id": "IT39",
      "item_text": "Mi afferra per i capelli, mi strattona, mi mette le mani al collo, tenta di soffocarmi, mi dà dei pugni, mi schiaffeggia, mi getta addosso degli oggetti o mi fa male in qualche modo",
      "dimension": "Physical & Sexual Violence",
      "fit_mean": 5.0,
      "clarity_mean": 4.9,
      "fit_iqr": 0.0,
      "redundancy_ratio": 0.0,
      "decision": "Retain",
      "reason": "fit_mean≥4 (5.00), IQR≤1 (0.00), clarity≥4 (4.90)",
      "n_raters": 10
    },
    {
      "item_id": "IT43",
      "item_text": "Mi chiede insistentemente di fare sesso e non accetta quando dico di no o che non mi va",
      "dimension": "Physical & Sexual Violence",
      "fit_mean": 5.0,
      "clarity_mean": 5.0,
      "fit_iqr": 0.0,
      "redundancy_ratio": 0.0,
      "decision": "Retain",
      "reason": "fit_mean≥4 (5.00), IQR≤1 (0.00), clarity≥4 (5.00)",
      "n_raters": 10
    },
    {
      "item_id": "IT33",
      "item_text": "Ha mostrato mie immagini intime ad altre persone senza il mio consenso",
      "dimension": "Physical & Sexual Violence",
      "fit_mean": 4.7,
      "clarity_mean": 5.0,
      "fit_iqr": 0.75,
      "redundancy_ratio": 0.0,
      "decision": "Retain",
      "reason": "fit_mean≥4 (4.70), IQR≤1 (0.75), clarity≥4 (5.00)",
      "n_raters": 10
    },
    {
      "item_id": "IT11",
      "item_text": "Parla male delle mie amici/amiche e dice che sono dei/delle “poco di buono”",
      "dimension": "Isolation & Social Sabotage",
      "fit_mean": 4.9,
      "clarity_mean": 5.0,
      "fit_iqr": 0.0,
      "redundancy_ratio": 0.0,
      "decision": "Retain",
      "reason": "fit_mean≥4 (4.90), IQR≤1 (0.00), clarity≥4 (5.00)",
      "n_raters": 10
    },
    {
      "item_id": "IT10",
      "item_text": "I miei amici/amiche mi hanno fatto notare che non piace loro come si comporta con me",
      "dimension": "Isolation & Social Sabotage",
      "fit_mean": 3.9,
      "clarity_mean": 5.0,
      "fit_iqr": 0.0,
      "redundancy_ratio": 0.2,
      "decision": "Drop",
      "reason": "fallback to majority recommendation; pairwise redundancy ≥0.50 vs IT20",
      "n_raters": 10
    },
    {
      "item_id": "IT20",
      "item_text": "Le mie amiche o la mia famiglia sono preoccupate per me",
      "dimension": "Isolation & Social Sabotage",
      "fit_mean": 4.1,
      "clarity_mean": 5.0,
      "fit_iqr": 0.0,
      "redundancy_ratio": 0.7,
      "decision": "Retain",
      "reason": "fit_mean≥4 (4.10), IQR≤1 (0.00), clarity≥4 (5.00)",
      "n_raters": 10
    },
    {
      "item_id": "IT18",
      "item_text": "Provo paura vicino a lui, non mi sento al sicuro",
      "dimension": "Fear, Hyper‑vigilance & Safety Concerns",
      "fit_mean": 5.0,
      "clarity_mean": 5.0,
      "fit_iqr": 0.0,
      "redundancy_ratio": 0.2,
      "decision": "Retain",
      "reason": "fit_mean≥4 (5.00), IQR≤1 (0.00), clarity≥4 (5.00)",
      "n_raters": 10
    },
    {
      "item_id": "IT44",
      "item_text": "Ho paura di vederlo perché so che potrebbe avere comportamenti che mi possono fare stare male o sentire in imbarazzo",
      "dimension": "Fear, Hyper‑vigilance & Safety Concerns",
      "fit_mean": 4.7,
      "clarity_mean": 5.0,
      "fit_iqr": 0.75,
      "redundancy_ratio": 0.5,
      "decision": "Drop",
      "reason": "fit_mean≥4 (4.70), IQR≤1 (0.75), clarity≥4 (5.00); pairwise redundancy ≥0.50 vs IT18",
      "n_raters": 10
    },
    {
      "item_id": "IT09",
      "item_text": "In sua compagnia non mi sento a mio agio e al sicuro",
      "dimension": "Fear, Hyper‑vigilance & Safety Concerns",
      "fit_mean": 4.7,
      "clarity_mean": 4.9,
      "fit_iqr": 0.75,
      "redundancy_ratio": 0.9,
      "decision": "Drop",
      "reason": "fit_mean≥4 (4.70), IQR≤1 (0.75), clarity≥4 (4.90); pairwise redundancy ≥0.50 vs IT18",
      "n_raters": 10
    },
    {
      "item_id": "IT29",
      "item_text": "In sua compagnia mi capita di sentirmi a disagio e ho la sensazione di dover stare attenta a ciò che dico o a ciò che faccio, come se dovessi “camminare sulle uova” per evitare sue reazioni negative",
      "dimension": "Fear, Hyper‑vigilance & Safety Concerns",
      "fit_mean": 5.0,
      "clarity_mean": 5.0,
      "fit_iqr": 0.0,
      "redundancy_ratio": 0.2,
      "decision": "Retain",
      "reason": "fit_mean≥4 (5.00), IQR≤1 (0.00), clarity≥4 (5.00)",
      "n_raters": 10
    },
    {
      "item_id": "IT19",
      "item_text": "Sento disagio o non voglio fare qualcosa ma lo nascondo per paura che si arrabbi",
      "dimension": "Fear, Hyper‑vigilance & Safety Concerns",
      "fit_mean": 4.5,
      "clarity_mean": 4.8,
      "fit_iqr": 1.0,
      "redundancy_ratio": 0.5,
      "decision": "Drop",
      "reason": "fit_mean≥4 (4.50), IQR≤1 (1.00), clarity≥4 (4.80); pairwise redundancy ≥0.50 vs IT29",
      "n_raters": 10
    },
    {
      "item_id": "IT45",
      "item_text": "Sento di potergli parlare di qualsiasi cosa",
      "dimension": "Positive Relationship Indicator (reverse‑coded)",
      "fit_mean": 5.0,
      "clarity_mean": 4.9,
      "fit_iqr": 0.0,
      "redundancy_ratio": 0.0,
      "decision": "Retain",
      "reason": "fit_mean≥4 (5.00), IQR≤1 (0.00), clarity≥4 (4.90)",
      "n_raters": 10
    }
  ]
}