{
  "IT30": {
    "dimension": "Emotional Abuse",
    "fit_scores": [
      5,
      5,
      5,
      5,
      5,
      5,
      5,
      5,
      5,
      5,
      5
    ],
    "clarity_scores": [
      5,
      5,
      5,
      5,
      5,
      5,
      5,
      5,
      5,
      5,
      5
    ],
    "redundancy_flags": [
      true,
      false,
      false,
      false,
      false,
      false,
      false,
      false,
      false,
      false,
      false
    ],
    "overlaps_with_all": [
      [
        "IT31"
      ],
      [
        "IT31",
        "IT14",
        "IT17"
      ],
      [
        "IT14"
      ],
      [],
      [],
      [],
      [],
      [
        "IT14"
      ],
      [],
      [],
      []
    ],
    "recommendations": [
      "Retain",
      "Retain",
      "Retain",
      "Retain",
      "Retain",
      "Retain",
      "Retain",
      "Retain",
      "Retain",
      "Retain",
      "Retain"
    ],
    "justifications": [
      "Core emotional abuse item; essential and clear",
      "Core emotional‑abuse indicator; distinct enough from other items.",
      "Core emotional abuse; clear verbal demeaning.",
      "Core emotional abuse with clear, specific behaviors.",
      "Core example of emotional abuse; clear and distinct.",
      "Core example of emotional abuse; clear and specific.",
      "Core example of emotional abuse; unambiguous.",
      "Core example of emotional abuse; unambiguous and indispensable.",
      "Core aspect of emotional abuse.",
      "Core item capturing emotional abuse",
      "Core item describing emotional abuse through verbal aggression."
    ],
    "evidence_for": [
      "Direct insults and criticism cause emotional harm",
      "Direct insults and criticism lower self‑esteem",
      "Explicit verbal insults and demeaning remarks cause emotional harm.",
      "Direct insults and criticism harm emotional well-being.",
      "Direct insults and criticism harm emotional well-being.",
      "Direct insults and criticism harm emotional well-being.",
      "Direct insults/criticism cause emotional harm.",
      "Direct insults/criticism lower morale, core emotional harm.",
      "Captures emotional harm through insults and criticism.",
      "Describes verbal abuse and criticism",
      "Describes behaviors causing emotional harm through insults or criticism."
    ],
    "evidence_against": [
      "May overlap with other criticism items",
      "May overlap with other criticism items",
      "May overlap with broader judgment items.",
      "Could overlap with general control or intimidation.",
      "May overlap with general control or intimidation.",
      "Could overlap with general negativity, not uniquely emotional abuse.",
      "Could overlap with general conflict.",
      "Criticism could overlap with judgment (IT14).",
      "May overlap with self-esteem issues.",
      "Could be seen as overlapping with IT31",
      "Could be seen as overlapping with other emotional abuse items."
    ]
  },
  "IT31": {
    "dimension": "Emotional Abuse",
    "fit_scores": [
      5,
      5,
      5,
      5,
      5,
      5,
      5,
      5,
      4,
      5,
      5
    ],
    "clarity_scores": [
      5,
      5,
      5,
      5,
      5,
      5,
      5,
      5,
      5,
      5,
      4
    ],
    "redundancy_flags": [
      true,
      false,
      false,
      false,
      true,
      false,
      false,
      false,
      false,
      true,
      false
    ],
    "overlaps_with_all": [
      [
        "IT30"
      ],
      [
        "IT30"
      ],
      [],
      [],
      [
        "IT30"
      ],
      [],
      [
        "IT30"
      ],
      [
        "IT30"
      ],
      [
        "IT30"
      ],
      [
        "IT30"
      ],
      []
    ],
    "recommendations": [
      "Retain",
      "Retain",
      "Retain",
      "Retain",
      "Revise",
      "Retain",
      "Retain",
      "Retain",
      "Retain",
      "Retain",
      "Retain"
    ],
    "justifications": [
      "Core emotional abuse; captures blame dynamics",
      "Captures blame‑shifting, a specific abuse tactic.",
      "Direct blame induces guilt; central to emotional abuse.",
      "Indispensable for capturing blame-shifting and guilt.",
      "High fit but redundant; consider merging with IT30.",
      "Indispensable; clearly describes manipulative emotional harm.",
      "Distinct focus on blame/guilt; clear.",
      "Strong fit; captures guilt-tripping, a key emotional abuse tactic.",
      "Strong aspect of emotional abuse.",
      "Captures a distinct aspect of emotional abuse",
      "Essential for understanding manipulation through guilt."
    ],
    "evidence_for": [
      "Blames victim for partner's distress, causing emotional harm",
      "Blames victim for partner’s negative mood",
      "Blames victim for partner’s distress, inducing guilt.",
      "Blaming and inducing guilt are emotional manipulation.",
      "Assigns blame and induces guilt, causing emotional distress.",
      "Blames partner for their emotions, causing guilt and distress.",
      "Induces guilt/shame, core emotional harm.",
      "Induces guilt/shame, core emotional manipulation.",
      "Describes blame-shifting and emotional manipulation.",
      "Captures blame-shifting and guilt induction",
      "Captures blame-shifting and guilt-tripping behaviors."
    ],
    "evidence_against": [
      "Similar to general criticism",
      "Similar to general criticism",
      "Similar to general criticism.",
      "Slight overlap with threats if emotional blackmail.",
      "Slight overlap with self-worth undermining in IT30.",
      "Slight overlap with IT30 in assigning fault.",
      "Slight overlap with IT30 (criticism).",
      "Slight overlap with IT30 (blame/criticism).",
      "Could be seen as a specific instance of IT30.",
      "Similar to IT30, potentially redundant",
      "Might be seen as slightly specific, potentially missing broader contexts."
    ]
  },
  "IT14": {
    "dimension": "Emotional Abuse",
    "fit_scores": [
      3,
      4,
      4,
      4,
      4,
      4,
      4,
      4,
      4,
      4,
      4
    ],
    "clarity_scores": [
      5,
      5,
      5,
      3,
      5,
      4,
      4,
      4,
      4,
      4,
      3
    ],
    "redundancy_flags": [
      false,
      false,
      false,
      true,
      false,
      true,
      false,
      true,
      false,
      false,
      false
    ],
    "overlaps_with_all": [
      [],
      [
        "IT30"
      ],
      [
        "IT30"
      ],
      [
        "IT30",
        "IT17"
      ],
      [],
      [
        "IT17"
      ],
      [],
      [
        "IT30",
        "IT17"
      ],
      [],
      [],
      []
    ],
    "recommendations": [
      "Retain",
      "Revise",
      "Revise",
      "Revise",
      "Retain",
      "Revise",
      "Revise",
      "Revise",
      "Retain",
      "Retain",
      "Revise"
    ],
    "justifications": [
      "Relevant but less central; keep for broader abuse spectrum",
      "Clarify focus on autonomy rather than generic criticism.",
      "Similar to general criticism; needs clearer scope.",
      "Ambiguous; clarify specific judgmental behaviors.",
      "Strong fit; captures judgment aspect clearly.",
      "Strong fit but overlaps in tone with IT17; clarify focus.",
      "Slightly tangential; clarify link to emotional harm.",
      "Overlaps with IT30/IT17; refine to focus on *systematic* judgment.",
      "Relevant to emotional abuse, minor tweak possible.",
      "Captures a related aspect of emotional abuse",
      "Clarify judgment in the context of emotional abuse."
    ],
    "evidence_for": [
      "Judgment about actions and life organization harms self‑esteem",
      "Judgment about personal choices and life organization",
      "Feeling judged about life choices reflects emotional abuse.",
      "Feeling judged undermines self-worth and autonomy.",
      "Judgment about life choices harms emotional autonomy.",
      "Judgment undermines self-worth and autonomy.",
      "Judgment of life choices causes distress.",
      "Judgment of life choices causes distress.",
      "Captures judgmental behavior.",
      "Describes judgmental behavior",
      "Describes feeling judged by a partner."
    ],
    "evidence_against": [
      "Less direct than insults, more general",
      "Conceptually close to general criticism",
      "Less severe than direct insults.",
      "Vague on how judgment is expressed.",
      "Could relate to control, not purely emotional abuse.",
      "Somewhat general; may border on control.",
      "Less direct than insults (IT30).",
      "Less direct than insults (IT30).",
      "May not directly imply emotional harm.",
      "Less direct than IT30 and IT31",
      "Judgment could be interpreted in various ways, not all abusive."
    ]
  },
  "IT17": {
    "dimension": "Emotional Abuse",
    "fit_scores": [
      2,
      4,
      4,
      4,
      4,
      4,
      4,
      4,
      4,
      4,
      4
    ],
    "clarity_scores": [
      5,
      5,
      5,
      4,
      4,
      5,
      5,
      5,
      4,
      4,
      4
    ],
    "redundancy_flags": [
      false,
      false,
      false,
      true,
      true,
      true,
      false,
      true,
      false,
      false,
      false
    ],
    "overlaps_with_all": [
      [],
      [
        "IT30"
      ],
      [],
      [
        "IT30",
        "IT14"
      ],
      [
        "IT30"
      ],
      [
        "IT14"
      ],
      [],
      [
        "IT14",
        "IT30"
      ],
      [
        "IT30"
      ],
      [],
      []
    ],
    "recommendations": [
      "Revise",
      "Revise",
      "Retain",
      "Revise",
      "Revise",
      "Revise",
      "Retain",
      "Revise",
      "Retain",
      "Retain",
      "Retain"
    ],
    "justifications": [
      "Adjust wording to emphasize emotional impact, or consider dropping",
      "Make body‑image focus explicit to differentiate from IT30.",
      "Targets self‑care comments; distinct from general insults.",
      "Slight redundancy; specify non-appearance self-care aspects.",
      "Slight redundancy; clarify to avoid overlap with criticism.",
      "High clarity, but overlaps with IT14; differentiate content.",
      "Clear emotional abuse; minimal overlap.",
      "Overlaps with IT14/30; specify *appearance-focused* criticism.",
      "Relevant to emotional abuse, minor tweak possible.",
      "Adds a specific dimension to emotional abuse",
      "Relevant for understanding emotional impact of negative comments."
    ],
    "evidence_for": [
      "Criticism of self‑care and appearance impacts emotional well‑being",
      "Negative comments on self‑care and appearance",
      "Negative comments on self‑care affect self‑esteem.",
      "Negative comments on self-care harm self-image.",
      "Undermines self-care and body image, causing distress.",
      "Undermines self-care and body image, causing emotional harm.",
      "Criticism of self-care/appearance harms self-worth.",
      "Criticism of self-care/appearance harms self-worth.",
      "Describes negative comments on self-care and appearance.",
      "Covers criticism related to self-care and appearance",
      "Captures negative comments on self-care and appearance."
    ],
    "evidence_against": [
      "Tangential to core emotional abuse, more about appearance",
      "Overlap with general insults",
      "Focuses on appearance, may intersect with body‑image items.",
      "Narrows focus to appearance, less broad.",
      "Narrow focus on appearance may limit scope.",
      "Could relate to control over appearance.",
      "Could fit 'Control' if framed as demands.",
      "Could merge with IT14 (judgment).",
      "Could be seen as a specific instance of IT30.",
      "Narrower focus compared to other items",
      "Might be seen as somewhat specific or not directly abusive."
    ]
  },
  "IT24": {
    "dimension": "Control and Manipulation",
    "fit_scores": [
      5,
      5,
      5,
      5,
      5,
      5,
      5,
      5,
      5,
      5,
      5
    ],
    "clarity_scores": [
      5,
      5,
      5,
      5,
      5,
      4,
      5,
      5,
      5,
      5,
      5
    ],
    "redundancy_flags": [
      true,
      false,
      false,
      true,
      true,
      true,
      true,
      true,
      false,
      true,
      false
    ],
    "overlaps_with_all": [
      [
        "IT26"
      ],
      [
        "IT26"
      ],
      [],
      [
        "IT26"
      ],
      [
        "IT26"
      ],
      [
        "IT26"
      ],
      [
        "IT26"
      ],
      [
        "IT26"
      ],
      [
        "IT26"
      ],
      [
        "IT26"
      ],
      [
        "IT26"
      ]
    ],
    "recommendations": [
      "Retain",
      "Retain",
      "Retain",
      "Revise",
      "Revise",
      "Revise",
      "Drop",
      "Retain",
      "Retain",
      "Retain",
      "Retain"
    ],
    "justifications": [
      "Essential control item; clear and specific",
      "Key item describing surveillance‑type control.",
      "Exemplifies controlling surveillance; essential.",
      "Redundant with IT26; merge or differentiate focus.",
      "Core control item; rephrase to differentiate from IT26.",
      "Core control item; clarify distinction from IT26.",
      "Redundant with IT26; same construct.",
      "Core control behavior; retain but note overlap with IT26.",
      "Core aspect of control and manipulation.",
      "Core item for control and manipulation",
      "Core item capturing essence of control and mistrust."
    ],
    "evidence_for": [
      "Feeling constantly monitored reflects controlling behavior",
      "Monitoring location and distrust indicates control",
      "Constant location checks signal controlling behavior.",
      "Constant monitoring reflects distrust and control.",
      "Describes constant monitoring and distrust as control.",
      "Monitoring location and social activity shows control.",
      "Explicit control/distrust behaviors.",
      "Explicit distrust/control via tracking location.",
      "Captures controlling behavior and distrust.",
      "Describes controlling behavior and mistrust",
      "Describes feeling controlled and mistrusted."
    ],
    "evidence_against": [
      "Overlap with other control items",
      "None",
      "Could be seen as concern rather than control.",
      "Overlaps with IT26 in monitoring behavior.",
      "Overlaps with IT26 in describing surveillance.",
      "Overlaps with IT26 in surveillance behavior.",
      "Overlaps with IT26 (tracking).",
      "Overlaps with IT26 (general control).",
      "May overlap with IT26.",
      "Overlaps with IT26",
      "Some overlap with other control items."
    ]
  },
  "IT26": {
    "dimension": "Control and Manipulation",
    "fit_scores": [
      5,
      3,
      4,
      5,
      5,
      5,
      5,
      5,
      5,
      5,
      5
    ],
    "clarity_scores": [
      5,
      5,
      5,
      4,
      5,
      5,
      5,
      4,
      5,
      5,
      5
    ],
    "redundancy_flags": [
      true,
      true,
      false,
      true,
      true,
      true,
      false,
      true,
      true,
      true,
      true
    ],
    "overlaps_with_all": [
      [
        "IT24"
      ],
      [
        "IT24"
      ],
      [
        "IT24",
        "IT12"
      ],
      [
        "IT24",
        "IT12",
        "IT27"
      ],
      [
        "IT24"
      ],
      [
        "IT24",
        "IT12"
      ],
      [
        "IT24"
      ],
      [
        "IT24",
        "IT12",
        "IT27"
      ],
      [
        "IT24"
      ],
      [
        "IT24"
      ],
      [
        "IT24"
      ]
    ],
    "recommendations": [
      "Retain",
      "Drop",
      "Retain",
      "Revise",
      "Revise",
      "Revise",
      "Retain",
      "Revise",
      "Revise",
      "Retain",
      "Drop"
    ],
    "justifications": [
      "Core control behavior; indispensable",
      "Redundant with IT24; no added content.",
      "Specifies activity control; complements broader items.",
      "Core control item; specify unique aspects to reduce overlap.",
      "High fit but redundant; needs differentiation from IT24.",
      "Strong fit but redundant; streamline with related items.",
      "Indispensable; clear and distinct.",
      "Overlaps with IT24/12/27; narrow to *non-tracking* control.",
      "Redundant with IT24, revise to capture distinct aspect.",
      "Essential for capturing control aspect",
      "Redundant with IT24; similar concept."
    ],
    "evidence_for": [
      "Attempts to dictate actions and companions indicate manipulation",
      "Attempts to dictate activities and companions",
      "Attempts to dictate activities and companions.",
      "Direct attempt to control activities and relationships.",
      "Direct attempt to control activities and social contact.",
      "Directly restricts actions and relationships.",
      "Direct control over actions/social life.",
      "Broad control over actions/social interactions.",
      "Describes controlling behavior.",
      "Captures control over actions and social interactions",
      "Directly states controlling behaviors."
    ],
    "evidence_against": [
      "Similar to monitoring item",
      "Essentially repeats IT24",
      "Overlap with specific social restrictions items.",
      "Broad; overlaps with IT24 and IT12.",
      "Very similar to IT24 in content and phrasing.",
      "Very similar to IT24 and IT12 in content.",
      "None; core to dimension.",
      "Overlaps with IT24 (tracking) and IT12/27 (isolation).",
      "Similar to IT24, potential redundancy.",
      "Similar to IT24",
      "Overlaps with IT24."
    ]
  },
  "IT12": {
    "dimension": "Control and Manipulation",
    "fit_scores": [
      4,
      2,
      4,
      5,
      5,
      5,
      5,
      5,
      4,
      4,
      5
    ],
    "clarity_scores": [
      5,
      5,
      5,
      5,
      5,
      5,
      5,
      5,
      5,
      5,
      5
    ],
    "redundancy_flags": [
      false,
      true,
      true,
      true,
      true,
      true,
      true,
      true,
      false,
      false,
      false
    ],
    "overlaps_with_all": [
      [
        "IT27"
      ],
      [
        "IT27"
      ],
      [
        "IT27"
      ],
      [
        "IT27"
      ],
      [
        "IT27"
      ],
      [
        "IT27"
      ],
      [
        "IT27"
      ],
      [
        "IT27"
      ],
      [
        "IT27"
      ],
      [],
      [
        "IT27"
      ]
    ],
    "recommendations": [
      "Drop",
      "Drop",
      "Revise",
      "Revise",
      "Revise",
      "Revise",
      "Drop",
      "Retain",
      "Retain",
      "Retain",
      "Retain"
    ],
    "justifications": [
      "Redundant with broader family/friend restriction item",
      "Covered by IT27 which includes family and friends.",
      "Overlap with family restriction; clarify scope.",
      "Redundant; combine with IT27 for broader social isolation.",
      "Strong item but overlaps; specify friend vs family focus.",
      "Important behavior but redundant; merge or differentiate.",
      "Redundant; IT27 covers broader isolation.",
      "Clear isolation example; retain but pair with IT27.",
      "Relevant to control and manipulation.",
      "Captures a specific control behavior",
      "Essential for understanding social isolation as control."
    ],
    "evidence_for": [
      "Prohibiting friends isolates victim, a control tactic",
      "Requests not to see friends",
      "Prohibits contact with friends, a control tactic.",
      "Preventing contact with friends is social control.",
      "Explicit restriction of friendships indicates control.",
      "Prevents contact with friends, a form of social control.",
      "Isolation tactic (social control).",
      "Isolation tactic: restricting friendships.",
      "Captures restriction of social interactions.",
      "Describes restriction on seeing friends",
      "Captures specific controlling behavior: restricting social contacts."
    ],
    "evidence_against": [
      "Broadly covered by IT27",
      "Similar to broader isolation item IT27",
      "Similar restriction covered by IT27.",
      "Overlaps with IT27 on restricting relationships.",
      "Partially overlaps with IT27 on social isolation.",
      "Nearly identical to IT27; high overlap.",
      "Overlaps with IT27 (family/friends).",
      "Overlaps with IT27 (family/isolation).",
      "May not directly imply control.",
      "Specific example, might not cover all manipulation",
      "Somewhat specific; might not cover all manipulation forms."
    ]
  },
  "IT27": {
    "dimension": "Control and Manipulation",
    "fit_scores": [
      4,
      4,
      5,
      5,
      5,
      5,
      5,
      5,
      4,
      4,
      5
    ],
    "clarity_scores": [
      5,
      5,
      5,
      5,
      5,
      5,
      5,
      5,
      5,
      5,
      5
    ],
    "redundancy_flags": [
      true,
      false,
      false,
      true,
      true,
      true,
      false,
      true,
      true,
      true,
      true
    ],
    "overlaps_with_all": [
      [
        "IT12"
      ],
      [
        "IT12"
      ],
      [
        "IT12"
      ],
      [
        "IT12"
      ],
      [
        "IT12"
      ],
      [
        "IT12"
      ],
      [
        "IT12"
      ],
      [
        "IT12"
      ],
      [
        "IT12"
      ],
      [
        "IT12"
      ],
      [
        "IT12"
      ]
    ],
    "recommendations": [
      "Retain",
      "Retain",
      "Retain",
      "Revise",
      "Revise",
      "Revise",
      "Retain",
      "Retain",
      "Revise",
      "Retain",
      "Drop"
    ],
    "justifications": [
      "Broader control item; retains essential content",
      "Broad isolation behavior; essential for this dimension.",
      "Strong social isolation control; retains unique family aspect.",
      "Merge with IT12 to cover all social restrictions.",
      "Redundant with IT12; consider combining or clarifying scope.",
      "Redundant with IT12; consider combining both.",
      "Broader scope; essential for dimension.",
      "Indispensable; retain but merge with IT12 if space is limited.",
      "Redundant with IT12, revise to capture distinct aspect.",
      "Adds family to the scope of control",
      "Similar to IT12; redundancy."
    ],
    "evidence_for": [
      "Restricts access to family and friends, a severe control measure",
      "Prevents contact with family and friends",
      "Blocks access to family and friends, strong control.",
      "Blocking family/friend contact is key control tactic.",
      "Prevents contact with family/friends, a control tactic.",
      "Blocks access to family/friends, enforcing isolation.",
      "Explicit isolation from support networks.",
      "Isolation from family/friends, core manipulation.",
      "Describes restriction of social interactions.",
      "Covers restriction on social interactions including family",
      "Describes not wanting the person to see family or friends."
    ],
    "evidence_against": [
      "May duplicate specific friend restriction",
      "May duplicate IT12",
      "May duplicate friend‑restriction item.",
      "Duplicates IT12; differs only by relationship type.",
      "Highly overlaps with IT12 in social restriction.",
      "Duplicates IT12; only broadens target group.",
      "None; core manipulation tactic.",
      "Overlaps with IT12 (friends).",
      "Similar to IT12, potential redundancy.",
      "Similar to IT12, potentially redundant",
      "Overlaps with IT12."
    ]
  },
  "IT46": {
    "dimension": "Control and Manipulation",
    "fit_scores": [
      5,
      5,
      5,
      5,
      5,
      5,
      4,
      5,
      5,
      5,
      5
    ],
    "clarity_scores": [
      5,
      5,
      5,
      5,
      5,
      5,
      5,
      5,
      5,
      5,
      5
    ],
    "redundancy_flags": [
      true,
      false,
      false,
      true,
      true,
      false,
      false,
      true,
      false,
      false,
      false
    ],
    "overlaps_with_all": [
      [
        "IT48"
      ],
      [
        "IT48"
      ],
      [
        "IT48"
      ],
      [
        "IT48"
      ],
      [
        "IT48"
      ],
      [],
      [],
      [
        "IT48"
      ],
      [
        "IT48"
      ],
      [],
      []
    ],
    "recommendations": [
      "Retain",
      "Retain",
      "Retain",
      "Revise",
      "Revise",
      "Retain",
      "Retain",
      "Retain",
      "Retain",
      "Retain",
      "Retain"
    ],
    "justifications": [
      "Core financial control behavior",
      "Direct financial control, a distinct manipulation tactic.",
      "Financial monitoring is key control behavior.",
      "Redundant with IT48; combine for financial control.",
      "Core financial control; differentiate from IT48.",
      "Clear, core example of financial control; non-redundant.",
      "Unique aspect of control; clear.",
      "Core financial abuse; retain but note IT48 overlap.",
      "Core aspect of control and manipulation.",
      "Captures financial aspect of control",
      "Essential for understanding financial control aspect."
    ],
    "evidence_for": [
      "Financial control is a key manipulation strategy",
      "Controls victim’s spending",
      "Monitors and limits spending, financial control.",
      "Financial monitoring is a form of control.",
      "Financial monitoring is a key control behavior.",
      "Monitors spending, exerting financial control.",
      "Financial control = manipulation tactic.",
      "Financial control, a key manipulation tactic.",
      "Captures financial control.",
      "Describes financial control",
      "Captures financial control."
    ],
    "evidence_against": [
      "Similar to purchase justification item",
      "May overlap with justification request",
      "Overlap with purchase‑justification item.",
      "Slight overlap with IT48 on financial oversight.",
      "Slight overlap with IT48 on money justification.",
      "Slight overlap with IT48 in financial oversight.",
      "Could fit 'Economic Abuse' (if separate).",
      "Overlaps with IT48 (justification).",
      "None.",
      "Different aspect, not directly related to social control",
      "Might be seen as somewhat specific."
    ]
  },
  "IT48": {
    "dimension": "Control and Manipulation",
    "fit_scores": [
      5,
      4,
      4,
      5,
      5,
      4,
      4,
      4,
      4,
      4,
      5
    ],
    "clarity_scores": [
      5,
      5,
      5,
      5,
      5,
      5,
      5,
      4,
      4,
      5,
      5
    ],
    "redundancy_flags": [
      true,
      false,
      true,
      true,
      true,
      true,
      true,
      true,
      true,
      true,
      true
    ],
    "overlaps_with_all": [
      [
        "IT46"
      ],
      [
        "IT46"
      ],
      [
        "IT46"
      ],
      [
        "IT46"
      ],
      [
        "IT46"
      ],
      [
        "IT46"
      ],
      [
        "IT46"
      ],
      [
        "IT46"
      ],
      [
        "IT46"
      ],
      [
        "IT46"
      ],
      [
        "IT46"
      ]
    ],
    "recommendations": [
      "Retain",
      "Revise",
      "Drop",
      "Revise",
      "Revise",
      "Revise",
      "Drop",
      "Drop",
      "Revise",
      "Retain",
      "Drop"
    ],
    "justifications": [
      "Essential financial manipulation indicator",
      "Specify difference from IT46 (control vs justification).",
      "Redundant with spending control; remove.",
      "Merge with IT46 to avoid duplication.",
      "Redundant; refine to capture unique aspect of scrutiny.",
      "High clarity but overlaps with IT46; consider merging.",
      "Redundant; IT46 covers financial control.",
      "Overlaps with IT46; less direct than IT46’s ‘control.’",
      "Redundant with IT46, revise to capture distinct aspect.",
      "Adds a nuance to financial control",
      "Redundant with IT46; similar financial control concept."
    ],
    "evidence_for": [
      "Demanding justification for every purchase reflects controlling finance",
      "Requires justification for each purchase",
      "Requires justification for every purchase, financial domination.",
      "Forcing justification of spending shows control.",
      "Forces justification of spending, enhancing financial control.",
      "Forces justification of purchases, enhancing control.",
      "Financial justification = control extension.",
      "Forced justification of spending = financial control.",
      "Describes financial control through justification.",
      "Covers justification for purchases, financial control",
      "Describes needing to justify purchases."
    ],
    "evidence_against": [
      "Overlap with financial control item",
      "Similar financial control as IT46",
      "Redundant with IT46’s spending control.",
      "Very similar to IT46 in financial scrutiny.",
      "Very close in meaning to IT46.",
      "Very close to IT46; differs only in degree.",
      "Overlaps with IT46 (spending control).",
      "Redundant with IT46 (financial control).",
      "Similar to IT46, potential redundancy.",
      "Similar to IT46, potentially redundant",
      "Overlaps with IT46 in terms of financial control."
    ]
  },
  "IT36": {
    "dimension": "Threats and Intimidation",
    "fit_scores": [
      5,
      5,
      5,
      5,
      5,
      5,
      5,
      5,
      5,
      5,
      5
    ],
    "clarity_scores": [
      5,
      5,
      5,
      5,
      5,
      5,
      5,
      5,
      5,
      5,
      5
    ],
    "redundancy_flags": [
      false,
      false,
      false,
      false,
      false,
      false,
      false,
      false,
      false,
      false,
      false
    ],
    "overlaps_with_all": [
      [],
      [],
      [],
      [],
      [],
      [],
      [],
      [],
      [],
      [],
      []
    ],
    "recommendations": [
      "Retain",
      "Retain",
      "Retain",
      "Retain",
      "Retain",
      "Retain",
      "Retain",
      "Retain",
      "Retain",
      "Retain",
      "Retain"
    ],
    "justifications": [
      "Core intimidation threat; clear",
      "Core threat behavior.",
      "Threatens harm to loved ones; central intimidation.",
      "Essential threat item with high specificity.",
      "Core threat item; unambiguous and essential.",
      "Core threat item; clear and indispensable.",
      "Indispensable; clear threat example.",
      "Indispensable; unambiguous threat example.",
      "Core aspect of threats and intimidation.",
      "Core item for threats",
      "Critical for understanding threats."
    ],
    "evidence_for": [
      "Threats of harm to victim or loved ones intimidate",
      "Threatens harm to victim or loved ones",
      "Threatens harm to victim’s loved ones, intimidation.",
      "Direct threats of harm are core intimidation.",
      "Direct threat of harm to self or others.",
      "Direct threat of harm to self or others.",
      "Direct threats of harm (core intimidation).",
      "Direct threats of harm to self/others.",
      "Captures threats of harm.",
      "Describes threats to self and others",
      "Captures threats of harm to self or others."
    ],
    "evidence_against": [
      "None; distinct from self‑harm threat",
      "None",
      "May overlap with self‑harm threat.",
      "None; clearly fits dimension.",
      "None; clear and specific.",
      "None; precise and distinct.",
      "None; unambiguous fit.",
      "None; core to dimension.",
      "None.",
      "Direct and severe, might not capture all threats",
      "None evident."
    ]
  },
  "IT37": {
    "dimension": "Threats and Intimidation",
    "fit_scores": [
      5,
      5,
      4,
      5,
      5,
      5,
      4,
      4,
      5,
      5,
      5
    ],
    "clarity_scores": [
      5,
      5,
      5,
      5,
      4,
      5,
      5,
      5,
      5,
      5,
      5
    ],
    "redundancy_flags": [
      false,
      false,
      false,
      false,
      false,
      false,
      false,
      false,
      false,
      false,
      false
    ],
    "overlaps_with_all": [
      [],
      [],
      [],
      [],
      [],
      [],
      [],
      [],
      [],
      [],
      []
    ],
    "recommendations": [
      "Retain",
      "Retain",
      "Retain",
      "Retain",
      "Retain",
      "Retain",
      "Retain",
      "Retain",
      "Retain",
      "Retain",
      "Retain"
    ],
    "justifications": [
      "Important intimidation tactic; unambiguous",
      "Distinct target (self) from IT36.",
      "Self‑harm threat leverages emotional coercion.",
      "Unique form of threat; clearly intimidatory.",
      "Important coercive tactic; slightly less direct but valid.",
      "Key coercive tactic; distinct and critical.",
      "Unique coercive tactic; clear.",
      "Strong fit; emotional but primarily intimidation.",
      "Core aspect of threats and intimidation.",
      "Adds a distinct type of threat",
      "Essential for capturing emotional manipulation through self-harm threats."
    ],
    "evidence_for": [
      "Self‑harm threats manipulate victim's emotions",
      "Threatens self‑harm to manipulate victim",
      "Coerces through threat of self‑harm, emotional pressure.",
      "Threatening self-harm to manipulate is emotional coercion.",
      "Threat of self-harm to manipulate is a form of intimidation.",
      "Threatens self-harm to manipulate partner.",
      "Self-harm threats = emotional coercion.",
      "Self-harm threats as manipulation.",
      "Describes self-harm threats.",
      "Captures self-harm threats",
      "Describes self-harm threats."
    ],
    "evidence_against": [
      "Distinct target from IT36",
      "Similar threat type",
      "Less direct physical threat.",
      "Could be seen as emotional abuse, not physical threat.",
      "Could be seen as emotional manipulation, not physical threat.",
      "Could be seen as emotional manipulation, not direct threat.",
      "Less direct than IT36 (physical harm).",
      "Could fit Emotional Abuse (guilt-tripping).",
      "None.",
      "Different from direct threats to others",
      "Might be seen as emotionally manipulative rather than direct threat."
    ]
  },
  "IT38": {
    "dimension": "Threats and Intimidation",
    "fit_scores": [
      5,
      5,
      4,
      5,
      5,
      5,
      5,
      5,
      5,
      4,
      4
    ],
    "clarity_scores": [
      5,
      5,
      5,
      5,
      5,
      5,
      5,
      5,
      5,
      5,
      5
    ],
    "redundancy_flags": [
      false,
      false,
      false,
      false,
      true,
      false,
      false,
      true,
      false,
      false,
      false
    ],
    "overlaps_with_all": [
      [],
      [],
      [
        "IT41"
      ],
      [],
      [
        "IT41"
      ],
      [],
      [
        "IT41"
      ],
      [
        "IT41"
      ],
      [],
      [],
      []
    ],
    "recommendations": [
      "Retain",
      "Retain",
      "Retain",
      "Retain",
      "Revise",
      "Retain",
      "Retain",
      "Retain",
      "Retain",
      "Retain",
      "Retain"
    ],
    "justifications": [
      "Key intimidation behavior; clear",
      "Specific property‑destruction threat.",
      "Property destruction threat is distinct intimidation.",
      "Specific and relevant threat to possessions.",
      "Redundant with IT41; distinguish threat vs action.",
      "Specific threat type; complements IT41 well.",
      "Distinct (threats vs. actions); both needed.",
      "Core threat; retain but distinguish from IT41 (action vs. threat).",
      "Core aspect of threats and intimidation.",
      "Captures a form of intimidation",
      "Relevant for understanding intimidation through property threats."
    ],
    "evidence_for": [
      "Threatening property damage intimidates victim",
      "Threatens destruction of victim’s property",
      "Threatens destruction of personal property, intimidation.",
      "Threatening to destroy property intimidates.",
      "Threat to destroy property is intimidatory.",
      "Threatens property destruction to instill fear.",
      "Property destruction threats = intimidation.",
      "Threats to destroy property = intimidation.",
      "Captures threats of property damage.",
      "Describes threats to property",
      "Captures threats of property damage."
    ],
    "evidence_against": [
      "None; distinct from physical aggression",
      "None",
      "Similar to object‑throwing intimidation.",
      "Less severe than threats to person, but still valid.",
      "Overlaps with IT41 on object destruction.",
      "Slight overlap with IT41 (actual destruction).",
      "Overlaps with IT41 (object destruction).",
      "Overlaps with IT41 (object destruction).",
      "None.",
      "Less direct than threats to person",
      "Somewhat specific; might not be universally relevant."
    ]
  },
  "IT41": {
    "dimension": "Threats and Intimidation",
    "fit_scores": [
      5,
      4,
      4,
      5,
      5,
      5,
      4,
      5,
      5,
      4,
      5
    ],
    "clarity_scores": [
      5,
      5,
      5,
      5,
      4,
      5,
      5,
      5,
      5,
      5,
      5
    ],
    "redundancy_flags": [
      false,
      false,
      false,
      false,
      true,
      false,
      false,
      true,
      false,
      false,
      false
    ],
    "overlaps_with_all": [
      [],
      [
        "IT38"
      ],
      [
        "IT38"
      ],
      [],
      [
        "IT38"
      ],
      [],
      [
        "IT38"
      ],
      [
        "IT38"
      ],
      [],
      [],
      []
    ],
    "recommendations": [
      "Retain",
      "Retain",
      "Retain",
      "Retain",
      "Revise",
      "Retain",
      "Retain",
      "Retain",
      "Retain",
      "Retain",
      "Retain"
    ],
    "justifications": [
      "Direct intimidation act; essential",
      "Describes actual violent act, complementing threat item.",
      "Object‑throwing provides physical intimidation.",
      "Clear act of intimidation through property damage.",
      "Captures intimidation via action; clarify distinction from threat.",
      "Complements threat dimension with actual behavior.",
      "Complements IT38; clear behavioral example.",
      "Indispensable; retain but clarify as *enacted* (vs. threatened).",
      "Core aspect of threats and intimidation.",
      "Captures an aspect of intimidation",
      "Directly captures intimidation behavior."
    ],
    "evidence_for": [
      "Throwing objects creates fear and intimidation",
      "Uses property damage to intimidate",
      "Throws objects to frighten, overt intimidation.",
      "Destroying objects demonstrates intimidation.",
      "Actual destruction of objects to instill fear.",
      "Destroys objects to intimidate, showing aggression.",
      "Object destruction = physical intimidation.",
      "Physical intimidation via object destruction.",
      "Describes intimidation through object throwing.",
      "Covers intimidation through breaking and throwing objects",
      "Describes breaking or throwing objects to intimidate."
    ],
    "evidence_against": [
      "May overlap with property threat but is actual action",
      "May overlap with IT38",
      "Overlap with property‑destruction threat.",
      "Blurs with physical aggression if violent.",
      "Blurs line between threat and enacted behavior.",
      "Close to IT38 but describes action, not threat.",
      "Could fit 'Physical Aggression' (if indirect).",
      "Overlaps with IT38 (threats to destroy).",
      "None.",
      "Action rather than threat, potentially different dimension",
      "None evident."
    ]
  },
  "IT18": {
    "dimension": "Fear and Anxiety",
    "fit_scores": [
      5,
      5,
      5,
      5,
      5,
      5,
      5,
      5,
      5,
      5,
      5
    ],
    "clarity_scores": [
      5,
      5,
      5,
      5,
      5,
      5,
      5,
      5,
      5,
      5,
      5
    ],
    "redundancy_flags": [
      false,
      false,
      false,
      false,
      false,
      false,
      false,
      false,
      false,
      false,
      false
    ],
    "overlaps_with_all": [
      [],
      [
        "IT44"
      ],
      [],
      [],
      [],
      [],
      [],
      [],
      [],
      [],
      []
    ],
    "recommendations": [
      "Retain",
      "Retain",
      "Retain",
      "Retain",
      "Retain",
      "Retain",
      "Retain",
      "Retain",
      "Retain",
      "Retain",
      "Retain"
    ],
    "justifications": [
      "Fundamental fear item; clear",
      "Captures immediate fear response.",
      "Fundamental fear of safety near partner.",
      "Core indicator of felt insecurity.",
      "Core fear item; essential and unambiguous.",
      "Essential indicator of fear; clear and strong.",
      "Indispensable; clear emotional state.",
      "Indispensable; unambiguous fear indicator.",
      "Core aspect of fear and anxiety.",
      "Core item for fear",
      "Essential for understanding fear and anxiety caused by a partner."
    ],
    "evidence_for": [
      "Feeling fear near partner indicates anxiety",
      "Feels fear and unsafe near partner",
      "Experiences fear and lack of safety near partner.",
      "Fear of partner indicates emotional distress.",
      "Directly expresses fear and lack of safety.",
      "Explicit fear and lack of safety near partner.",
      "Direct fear/unsafe feelings (core dimension).",
      "Explicit fear/unsafe feelings near partner.",
      "Captures fear and lack of safety.",
      "Describes feeling unsafe",
      "Captures feeling unsafe or fearful."
    ],
    "evidence_against": [
      "None; straightforward",
      "Broad, overlaps with other fear items",
      "Broad, may encompass other anxiety items.",
      "None; directly expresses fear.",
      "None; clear indicator of fear.",
      "None; directly captures core dimension.",
      "None; unambiguous.",
      "None; core to dimension.",
      "None.",
      "Direct fear, might not capture all anxiety aspects",
      "None evident."
    ]
  },
  "IT19": {
    "dimension": "Fear and Anxiety",
    "fit_scores": [
      5,
      4,
      4,
      5,
      5,
      5,
      5,
      4,
      5,
      4,
      4
    ],
    "clarity_scores": [
      5,
      5,
      5,
      5,
      5,
      5,
      4,
      4,
      4,
      4,
      4
    ],
    "redundancy_flags": [
      false,
      false,
      false,
      true,
      true,
      true,
      true,
      false,
      false,
      false,
      false
    ],
    "overlaps_with_all": [
      [],
      [
        "IT29"
      ],
      [
        "IT29"
      ],
      [
        "IT29"
      ],
      [
        "IT29"
      ],
      [
        "IT29"
      ],
      [
        "IT29"
      ],
      [],
      [],
      [],
      []
    ],
    "recommendations": [
      "Retain",
      "Retain",
      "Retain",
      "Revise",
      "Revise",
      "Revise",
      "Drop",
      "Retain",
      "Retain",
      "Retain",
      "Retain"
    ],
    "justifications": [
      "Captures anxiety‑driven concealment; essential",
      "Reflects concealment behavior driven by anxiety.",
      "Concealing discomfort shows fear‑driven behavior.",
      "Redundant; merge with IT29 on self-censorship.",
      "Strong fit but overlaps; specify suppression context.",
      "Strong item but overlaps with IT29; refine wording.",
      "Redundant; IT29 captures broader avoidance.",
      "Strong fit; captures anxiety-driven compliance.",
      "Relevant to fear and anxiety, minor tweak possible.",
      "Captures a consequence of fear",
      "Relevant for capturing fear-induced behavior changes."
    ],
    "evidence_for": [
      "Hiding behavior due to fear of anger shows anxiety",
      "Hides actions due to fear of partner’s anger",
      "Hides discomfort to avoid partner’s anger, fear‑based.",
      "Hiding discomfort due to fear shows anxiety.",
      "Hiding discomfort due to fear of anger.",
      "Hides discomfort to avoid anger, showing anxiety.",
      "Fear of anger = anxiety-driven compliance.",
      "Fear of anger drives hidden discomfort.",
      "Describes hiding feelings due to fear.",
      "Captures hiding feelings due to fear of anger",
      "Describes hiding feelings or behaviors due to fear of anger."
    ],
    "evidence_against": [
      "None; specific",
      "Similar to walking‑on‑eggshells item",
      "Similar to walking‑on‑eggshells feeling.",
      "Overlaps with IT29 in suppressing behavior.",
      "Overlaps with IT29 on suppressing behavior.",
      "Slight overlap with IT29 in suppressing behavior.",
      "Overlaps with IT29 ('walking on eggshells').",
      "Could fit Control (compliance).",
      "None.",
      "Behavioral response to fear, not direct fear",
      "Might be seen as somewhat related to control rather than pure fear/anxiety."
    ]
  },
  "IT29": {
    "dimension": "Fear and Anxiety",
    "fit_scores": [
      4,
      5,
      4,
      5,
      5,
      5,
      5,
      5,
      5,
      5,
      5
    ],
    "clarity_scores": [
      4,
      5,
      5,
      5,
      5,
      5,
      5,
      5,
      4,
      5,
      4
    ],
    "redundancy_flags": [
      false,
      false,
      false,
      true,
      true,
      true,
      false,
      true,
      false,
      true,
      false
    ],
    "overlaps_with_all": [
      [
        "IT19"
      ],
      [
        "IT19"
      ],
      [
        "IT19",
        "IT18"
      ],
      [
        "IT19"
      ],
      [
        "IT19"
      ],
      [
        "IT19"
      ],
      [
        "IT19"
      ],
      [
        "IT19"
      ],
      [],
      [
        "IT18",
        "IT19"
      ],
      [
        "IT18"
      ]
    ],
    "recommendations": [
      "Revise",
      "Retain",
      "Retain",
      "Revise",
      "Revise",
      "Revise",
      "Retain",
      "Retain",
      "Retain",
      "Retain",
      "Retain"
    ],
    "justifications": [
      "Shorten wording for clarity while keeping anxiety nuance",
      "Specific expression of chronic anxiety.",
      "Egg‑on‑shells feeling captures hypervigilance.",
      "Highly relevant; combine with IT19 for coherence.",
      "Redundant; consider merging with IT19 for clarity.",
      "Core experience but redundant; differentiate from IT19.",
      "Broader than IT19; essential for dimension.",
      "Core anxiety indicator; retain but note IT19 overlap.",
      "Relevant to fear and anxiety, minor tweak possible.",
      "Captures a nuanced aspect of anxiety",
      "Essential for describing the anxiety of anticipating negative reactions."
    ],
    "evidence_for": [
      "Walking on eggshells reflects chronic anxiety",
      "Feels need to ‘walk on eggshells’ around partner",
      "Feels need to ‘walk on eggshells,’ hypervigilance.",
      "Walking on eggshells reflects chronic anxiety.",
      "Describes walking on eggshells due to fear.",
      "Describes walking on eggshells due to fear of reaction.",
      "'Eggshells' metaphor = chronic anxiety.",
      "Hypervigilance (‘walking on eggshells’) = chronic anxiety.",
      "Captures feeling uneasy and walking on eggshells.",
      "Describes feeling uneasy and walking on eggshells",
      "Captures feeling uneasy or walking on eggshells."
    ],
    "evidence_against": [
      "Long wording may reduce clarity",
      "Overlap with general fear item",
      "Overlap with general fear items.",
      "Slight overlap with IT19 in behavioral inhibition.",
      "Very similar to IT19 in emotional suppression.",
      "Very similar to IT19 in suppressing self.",
      "None; core to dimension.",
      "Overlaps with IT19 (fear of reactions).",
      "None.",
      "Similar to IT18 and IT19, potentially redundant",
      "Somewhat overlaps with feeling judged or fearful."
    ]
  },
  "IT44": {
    "dimension": "Fear and Anxiety",
    "fit_scores": [
      4,
      4,
      3,
      5,
      5,
      5,
      4,
      4,
      5,
      4,
      4
    ],
    "clarity_scores": [
      5,
      5,
      5,
      5,
      5,
      5,
      5,
      4,
      5,
      5,
      4
    ],
    "redundancy_flags": [
      false,
      false,
      true,
      false,
      false,
      false,
      false,
      true,
      false,
      false,
      false
    ],
    "overlaps_with_all": [
      [
        "IT18"
      ],
      [
        "IT18"
      ],
      [
        "IT18"
      ],
      [],
      [],
      [],
      [
        "IT18"
      ],
      [
        "IT18"
      ],
      [],
      [],
      []
    ],
    "recommendations": [
      "Retain",
      "Retain",
      "Drop",
      "Retain",
      "Retain",
      "Retain",
      "Retain",
      "Revise",
      "Retain",
      "Retain",
      "Retain"
    ],
    "justifications": [
      "Broader fear context; keep",
      "Anticipatory fear adds a distinct facet.",
      "Duplicate of general fear; unnecessary.",
      "Captures anticipatory anxiety uniquely.",
      "Captures anticipatory anxiety; distinct and valuable.",
      "Unique focus on anticipatory anxiety; valuable addition.",
      "Distinct focus on anticipatory anxiety.",
      "Overlaps with IT18; specify *anticipatory* fear.",
      "Core aspect of fear and anxiety.",
      "Adds a specific scenario to fear/anxiety",
      "Relevant for understanding avoidance behaviors due to fear."
    ],
    "evidence_for": [
      "Avoiding partner due to potential harm shows fear",
      "Avoids seeing partner fearing harmful behavior",
      "Avoids partner due to anticipated harmful behavior.",
      "Anticipatory fear before seeing partner.",
      "Fear of anticipated emotional harm or embarrassment.",
      "Fear of seeing partner due to anticipated harm.",
      "Anticipatory fear of harm/embarrassment.",
      "Anticipatory fear of harmful/embarrassing behavior.",
      "Describes fear of seeing the partner.",
      "Covers fear of seeing the partner due to potential negative behaviors",
      "Describes fearing to see the partner due to anticipated negative behaviors."
    ],
    "evidence_against": [
      "Similar to IT18 but broader",
      "Overlap with IT18",
      "Redundant with general fear item IT18.",
      "Could overlap with emotional or physical abuse contexts.",
      "Slight overlap with IT18 on general fear.",
      "Slight overlap with IT18 in fear of presence.",
      "Overlaps with IT18 (general fear).",
      "Overlaps with IT18 (fear).",
      "None.",
      "Specific situation, might not capture all fear/anxiety",
      "Might be seen as somewhat outcome-oriented rather than pure fear/anxiety."
    ]
  },
  "IT39": {
    "dimension": "Physical Aggression",
    "fit_scores": [
      5,
      5,
      5,
      5,
      5,
      5,
      5,
      5,
      5,
      5,
      5
    ],
    "clarity_scores": [
      5,
      5,
      5,
      5,
      5,
      5,
      5,
      5,
      5,
      4,
      5
    ],
    "redundancy_flags": [
      false,
      false,
      false,
      false,
      false,
      false,
      false,
      false,
      false,
      false,
      false
    ],
    "overlaps_with_all": [
      [],
      [],
      [],
      [],
      [],
      [],
      [],
      [],
      [],
      [],
      []
    ],
    "recommendations": [
      "Retain",
      "Retain",
      "Retain",
      "Retain",
      "Retain",
      "Retain",
      "Retain",
      "Retain",
      "Retain",
      "Retain",
      "Retain"
    ],
    "justifications": [
      "Comprehensive physical aggression item; essential",
      "Comprehensive core item for physical aggression.",
      "Clear physical aggression; essential item.",
      "Core physical aggression item; indispensable.",
      "Core physical aggression item; clear and indispensable.",
      "Core physical aggression item; indispensable and clear.",
      "Indispensable; clear physical harm.",
      "Indispensable; unambiguous physical abuse example.",
      "Core aspect of physical aggression.",
      "Core item capturing physical aggression",
      "Essential and comprehensive for understanding physical aggression."
    ],
    "evidence_for": [
      "Physical assaults listed demonstrate aggression",
      "Describes multiple physical violent acts",
      "Physical assaults like choking, hitting, hair‑pulling cause injury.",
      "Lists specific physically harmful acts.",
      "Explicit physical acts causing harm or injury.",
      "Lists specific physically harmful acts.",
      "Explicit physical violence (core dimension).",
      "Explicit physical violence (hitting, choking, etc.).",
      "Captures physical harm and aggression.",
      "Describes various forms of physical aggression",
      "Captures a range of physically aggressive behaviors."
    ],
    "evidence_against": [
      "Lengthy but clear",
      "Broad; could be split into sub‑items",
      "None; clearly physical aggression.",
      "None; comprehensive and direct.",
      "None; comprehensive and direct.",
      "None; comprehensive and clear.",
      "None; unambiguous.",
      "None; core to dimension.",
      "None.",
      "Broad and comprehensive, potentially too inclusive",
      "None evident; comprehensive."
    ]
  }
}